ticker,cik,metric,value,date,filed_date,form,fiscal_year,fiscal_period,frame
PLTR,0001321655,StockholdersEquity,-1501562000.0,2017-12-31,2021-02-26,10-K,2020,FY,CY2017Q4I
PLTR,0001321655,RevenueFromContractWithCustomerExcludingAssessedTax,595409000.0,2018-12-31,2021-02-26,10-K,2020,FY,CY2018
PLTR,0001321655,CostOfRevenue,165401000.0,2018-12-31,2021-02-26,10-K,2020,FY,CY2018
PLTR,0001321655,GrossProfit,430008000.0,2018-12-31,2021-02-26,10-K,2020,FY,CY2018
PLTR,0001321655,OperatingIncomeLoss,-623440000.0,2018-12-31,2021-02-26,10-K,2020,FY,CY2018
PLTR,0001321655,NetIncomeLoss,-580027000.0,2018-12-31,2021-02-26,10-K,2020,FY,CY2018
PLTR,0001321655,EarningsPerShareBasic,-1.11,2018-12-31,2021-02-26,10-K,2020,FY,CY2018
PLTR,0001321655,EarningsPerShareDiluted,-1.17,2018-12-31,2021-02-26,10-K,2020,FY,CY2018
PLTR,0001321655,CashAndCashEquivalentsAtCarryingValue,1116342000.0,2018-12-31,2021-02-26,10-K,2020,FY,CY2018Q4I
PLTR,0001321655,NetCashProvidedByUsedInOperatingActivities,-39012000.0,2018-12-31,2021-02-26,10-K,2020,FY,CY2018
PLTR,0001321655,NetCashProvidedByUsedInInvestingActivities,-6784000.0,2018-12-31,2021-02-26,10-K,2020,FY,CY2018
PLTR,0001321655,NetCashProvidedByUsedInFinancingActivities,46154000.0,2018-12-31,2021-02-26,10-K,2020,FY,CY2018
PLTR,0001321655,PaymentsToAcquirePropertyPlantAndEquipment,13004000.0,2018-12-31,2021-02-26,10-K,2020,FY,CY2018
PLTR,0001321655,ResearchAndDevelopmentExpense,285451000.0,2018-12-31,2021-02-26,10-K,2020,FY,CY2018
PLTR,0001321655,WeightedAverageNumberOfSharesOutstandingBasic,537280394.0,2018-12-31,2021-02-26,10-K,2020,FY,CY2018
PLTR,0001321655,WeightedAverageNumberOfDilutedSharesOutstanding,544014393.0,2018-12-31,2021-02-26,10-K,2020,FY,CY2018
PLTR,0001321655,StockholdersEquity,-1751428000.0,2018-12-31,2022-02-24,10-K,2021,FY,CY2018Q4I
PLTR,0001321655,StockholdersEquity,-1800409000.0,2019-06-30,2020-11-13,10-Q,2020,Q3,CY2019Q2I
PLTR,0001321655,CostOfRevenue,65073000.0,2019-09-30,2020-11-13,10-Q,2020,Q3,CY2019Q3
PLTR,0001321655,GrossProfit,125468000.0,2019-09-30,2020-11-13,10-Q,2020,Q3,CY2019Q3
PLTR,0001321655,OperatingIncomeLoss,-144140000.0,2019-09-30,2020-11-13,10-Q,2020,Q3,CY2019Q3
PLTR,0001321655,NetIncomeLoss,-139860000.0,2019-09-30,2020-11-13,10-Q,2020,Q3,CY2019Q3
PLTR,0001321655,EarningsPerShareBasic,-0.24,2019-09-30,2020-11-13,10-Q,2020,Q3,CY2019Q3
PLTR,0001321655,EarningsPerShareDiluted,-0.24,2019-09-30,2020-11-13,10-Q,2020,Q3,CY2019Q3
PLTR,0001321655,CashAndCashEquivalentsAtCarryingValue,507319000.0,2019-09-30,2020-11-13,10-Q,2020,Q3,CY2019Q3I
PLTR,0001321655,StockholdersEquity,-1892590000.0,2019-09-30,2020-11-13,10-Q,2020,Q3,CY2019Q3I
PLTR,0001321655,NetCashProvidedByUsedInOperatingActivities,-500048000.0,2019-09-30,2020-11-13,10-Q,2020,Q3,
PLTR,0001321655,NetCashProvidedByUsedInInvestingActivities,-10947000.0,2019-09-30,2020-11-13,10-Q,2020,Q3,
PLTR,0001321655,NetCashProvidedByUsedInFinancingActivities,-59434000.0,2019-09-30,2020-11-13,10-Q,2020,Q3,
PLTR,0001321655,PaymentsToAcquirePropertyPlantAndEquipment,10947000.0,2019-09-30,2020-11-13,10-Q,2020,Q3,
PLTR,0001321655,ResearchAndDevelopmentExpense,75880000.0,2019-09-30,2020-11-13,10-Q,2020,Q3,CY2019Q3
PLTR,0001321655,WeightedAverageNumberOfSharesOutstandingBasic,580104846.0,2019-09-30,2020-11-13,10-Q,2020,Q3,CY2019Q3
PLTR,0001321655,WeightedAverageNumberOfDilutedSharesOutstanding,580104846.0,2019-09-30,2020-11-13,10-Q,2020,Q3,CY2019Q3
PLTR,0001321655,Assets,1594025000.0,2019-12-31,2021-02-26,10-K,2020,FY,CY2019Q4I
PLTR,0001321655,AssetsCurrent,1214153000.0,2019-12-31,2021-02-26,10-K,2020,FY,CY2019Q4I
PLTR,0001321655,Liabilities,1447436000.0,2019-12-31,2021-02-26,10-K,2020,FY,CY2019Q4I
PLTR,0001321655,LiabilitiesCurrent,728598000.0,2019-12-31,2021-02-26,10-K,2020,FY,CY2019Q4I
PLTR,0001321655,RevenueFromContractWithCustomerExcludingAssessedTax,742555000.0,2019-12-31,2022-02-24,10-K,2021,FY,CY2019
PLTR,0001321655,CostOfRevenue,242373000.0,2019-12-31,2022-02-24,10-K,2021,FY,CY2019
PLTR,0001321655,GrossProfit,500182000.0,2019-12-31,2022-02-24,10-K,2021,FY,CY2019
PLTR,0001321655,OperatingIncomeLoss,-576444000.0,2019-12-31,2022-02-24,10-K,2021,FY,CY2019
PLTR,0001321655,NetIncomeLoss,-579646000.0,2019-12-31,2022-02-24,10-K,2021,FY,CY2019
PLTR,0001321655,EarningsPerShareBasic,-1.02,2019-12-31,2022-02-24,10-K,2021,FY,CY2019
PLTR,0001321655,EarningsPerShareDiluted,-1.02,2019-12-31,2022-02-24,10-K,2021,FY,CY2019
PLTR,0001321655,CashAndCashEquivalentsAtCarryingValue,1079154000.0,2019-12-31,2022-02-24,10-K,2021,FY,CY2019Q4I
PLTR,0001321655,NetCashProvidedByUsedInOperatingActivities,-165215000.0,2019-12-31,2022-02-24,10-K,2021,FY,CY2019
PLTR,0001321655,NetCashProvidedByUsedInInvestingActivities,-21964000.0,2019-12-31,2022-02-24,10-K,2021,FY,CY2019
PLTR,0001321655,NetCashProvidedByUsedInFinancingActivities,324533000.0,2019-12-31,2022-02-24,10-K,2021,FY,CY2019
PLTR,0001321655,PaymentsToAcquirePropertyPlantAndEquipment,13096000.0,2019-12-31,2022-02-24,10-K,2021,FY,CY2019
PLTR,0001321655,ResearchAndDevelopmentExpense,305563000.0,2019-12-31,2022-02-24,10-K,2021,FY,CY2019
PLTR,0001321655,WeightedAverageNumberOfSharesOutstandingBasic,576959000.0,2019-12-31,2022-02-24,10-K,2021,FY,CY2019
PLTR,0001321655,WeightedAverageNumberOfDilutedSharesOutstanding,576959000.0,2019-12-31,2022-02-24,10-K,2021,FY,CY2019
PLTR,0001321655,StockholdersEquity,-1980642000.0,2019-12-31,2023-02-21,10-K,2022,FY,CY2019Q4I
PLTR,0001321655,RevenueFromContractWithCustomerExcludingAssessedTax,229327000.0,2020-03-31,2021-05-12,10-Q,2021,Q1,CY2020Q1
PLTR,0001321655,CostOfRevenue,64294000.0,2020-03-31,2021-05-12,10-Q,2021,Q1,CY2020Q1
PLTR,0001321655,GrossProfit,165033000.0,2020-03-31,2021-05-12,10-Q,2021,Q1,CY2020Q1
PLTR,0001321655,OperatingIncomeLoss,-70185000.0,2020-03-31,2021-05-12,10-Q,2021,Q1,CY2020Q1
PLTR,0001321655,NetIncomeLoss,-54274000.0,2020-03-31,2021-05-12,10-Q,2021,Q1,CY2020Q1
PLTR,0001321655,EarningsPerShareBasic,-0.09,2020-03-31,2021-05-12,10-Q,2021,Q1,CY2020Q1
PLTR,0001321655,EarningsPerShareDiluted,-0.1,2020-03-31,2021-05-12,10-Q,2021,Q1,CY2020Q1
PLTR,0001321655,CashAndCashEquivalentsAtCarryingValue,809530000.0,2020-03-31,2021-05-12,10-Q,2021,Q1,CY2020Q1I
PLTR,0001321655,NetCashProvidedByUsedInOperatingActivities,-287184000.0,2020-03-31,2021-05-12,10-Q,2021,Q1,CY2020Q1
PLTR,0001321655,NetCashProvidedByUsedInInvestingActivities,-3016000.0,2020-03-31,2021-05-12,10-Q,2021,Q1,CY2020Q1
PLTR,0001321655,NetCashProvidedByUsedInFinancingActivities,2494000.0,2020-03-31,2021-05-12,10-Q,2021,Q1,CY2020Q1
PLTR,0001321655,PaymentsToAcquirePropertyPlantAndEquipment,3016000.0,2020-03-31,2021-05-12,10-Q,2021,Q1,CY2020Q1
PLTR,0001321655,ResearchAndDevelopmentExpense,65800000.0,2020-03-31,2021-05-12,10-Q,2021,Q1,CY2020Q1
PLTR,0001321655,WeightedAverageNumberOfSharesOutstandingBasic,591850000.0,2020-03-31,2021-05-12,10-Q,2021,Q1,CY2020Q1
PLTR,0001321655,WeightedAverageNumberOfDilutedSharesOutstanding,594363000.0,2020-03-31,2021-05-12,10-Q,2021,Q1,CY2020Q1
PLTR,0001321655,StockholdersEquity,-1976619000.0,2020-03-31,2021-08-12,10-Q,2021,Q2,CY2020Q1I
PLTR,0001321655,RevenueFromContractWithCustomerExcludingAssessedTax,251889000.0,2020-06-30,2021-08-12,10-Q,2021,Q2,CY2020Q2
PLTR,0001321655,CostOfRevenue,68410000.0,2020-06-30,2021-08-12,10-Q,2021,Q2,CY2020Q2
PLTR,0001321655,GrossProfit,183479000.0,2020-06-30,2021-08-12,10-Q,2021,Q2,CY2020Q2
PLTR,0001321655,OperatingIncomeLoss,-99145000.0,2020-06-30,2021-08-12,10-Q,2021,Q2,CY2020Q2
PLTR,0001321655,NetIncomeLoss,-110455000.0,2020-06-30,2021-08-12,10-Q,2021,Q2,CY2020Q2
PLTR,0001321655,EarningsPerShareBasic,-0.17,2020-06-30,2021-08-12,10-Q,2021,Q2,CY2020Q2
PLTR,0001321655,EarningsPerShareDiluted,-0.17,2020-06-30,2021-08-12,10-Q,2021,Q2,CY2020Q2
PLTR,0001321655,CashAndCashEquivalentsAtCarryingValue,1497591000.0,2020-06-30,2021-08-12,10-Q,2021,Q2,CY2020Q2I
PLTR,0001321655,NetCashProvidedByUsedInOperatingActivities,-226330000.0,2020-06-30,2021-08-12,10-Q,2021,Q2,
PLTR,0001321655,NetCashProvidedByUsedInInvestingActivities,-5695000.0,2020-06-30,2021-08-12,10-Q,2021,Q2,
PLTR,0001321655,NetCashProvidedByUsedInFinancingActivities,467275000.0,2020-06-30,2021-08-12,10-Q,2021,Q2,
PLTR,0001321655,PaymentsToAcquirePropertyPlantAndEquipment,5945000.0,2020-06-30,2021-08-12,10-Q,2021,Q2,
PLTR,0001321655,ResearchAndDevelopmentExpense,86815000.0,2020-06-30,2021-08-12,10-Q,2021,Q2,CY2020Q2
PLTR,0001321655,WeightedAverageNumberOfSharesOutstandingBasic,640450000.0,2020-06-30,2021-08-12,10-Q,2021,Q2,CY2020Q2
PLTR,0001321655,WeightedAverageNumberOfDilutedSharesOutstanding,640669000.0,2020-06-30,2021-08-12,10-Q,2021,Q2,CY2020Q2
PLTR,0001321655,StockholdersEquity,-1398701000.0,2020-06-30,2021-11-09,10-Q,2021,Q3,CY2020Q2I
PLTR,0001321655,Assets,2603712000.0,2020-09-30,2020-11-13,10-Q,2020,Q3,CY2020Q3I
PLTR,0001321655,AssetsCurrent,2394424000.0,2020-09-30,2020-11-13,10-Q,2020,Q3,CY2020Q3I
PLTR,0001321655,Liabilities,1351959000.0,2020-09-30,2020-11-13,10-Q,2020,Q3,CY2020Q3I
PLTR,0001321655,LiabilitiesCurrent,942187000.0,2020-09-30,2020-11-13,10-Q,2020,Q3,CY2020Q3I
PLTR,0001321655,RevenueFromContractWithCustomerExcludingAssessedTax,289366000.0,2020-09-30,2021-11-09,10-Q,2021,Q3,CY2020Q3
PLTR,0001321655,CostOfRevenue,149340000.0,2020-09-30,2021-11-09,10-Q,2021,Q3,CY2020Q3
PLTR,0001321655,GrossProfit,140026000.0,2020-09-30,2021-11-09,10-Q,2021,Q3,CY2020Q3
PLTR,0001321655,OperatingIncomeLoss,-847777000.0,2020-09-30,2021-11-09,10-Q,2021,Q3,CY2020Q3
PLTR,0001321655,NetIncomeLoss,-853319000.0,2020-09-30,2021-11-09,10-Q,2021,Q3,CY2020Q3
PLTR,0001321655,EarningsPerShareBasic,-0.94,2020-09-30,2021-11-09,10-Q,2021,Q3,CY2020Q3
PLTR,0001321655,EarningsPerShareDiluted,-0.94,2020-09-30,2021-11-09,10-Q,2021,Q3,CY2020Q3
PLTR,0001321655,CashAndCashEquivalentsAtCarryingValue,1800190000.0,2020-09-30,2021-11-09,10-Q,2021,Q3,CY2020Q3I
PLTR,0001321655,StockholdersEquity,1251753000.0,2020-09-30,2021-11-09,10-Q,2021,Q3,CY2020Q3I
PLTR,0001321655,NetCashProvidedByUsedInOperatingActivities,-278320000.0,2020-09-30,2021-11-09,10-Q,2021,Q3,
PLTR,0001321655,NetCashProvidedByUsedInInvestingActivities,-9975000.0,2020-09-30,2021-11-09,10-Q,2021,Q3,
PLTR,0001321655,NetCashProvidedByUsedInFinancingActivities,817344000.0,2020-09-30,2021-11-09,10-Q,2021,Q3,
PLTR,0001321655,PaymentsToAcquirePropertyPlantAndEquipment,7475000.0,2020-09-30,2021-11-09,10-Q,2021,Q3,
PLTR,0001321655,ResearchAndDevelopmentExpense,313915000.0,2020-09-30,2021-11-09,10-Q,2021,Q3,CY2020Q3
PLTR,0001321655,WeightedAverageNumberOfSharesOutstandingBasic,905462000.0,2020-09-30,2021-11-09,10-Q,2021,Q3,CY2020Q3
PLTR,0001321655,WeightedAverageNumberOfDilutedSharesOutstanding,905462000.0,2020-09-30,2021-11-09,10-Q,2021,Q3,CY2020Q3
PLTR,0001321655,Assets,2690504000.0,2020-12-31,2022-02-24,10-K,2021,FY,CY2020Q4I
PLTR,0001321655,AssetsCurrent,2257429000.0,2020-12-31,2022-02-24,10-K,2021,FY,CY2020Q4I
PLTR,0001321655,Liabilities,1167954000.0,2020-12-31,2022-02-24,10-K,2021,FY,CY2020Q4I
PLTR,0001321655,LiabilitiesCurrent,603823000.0,2020-12-31,2022-02-24,10-K,2021,FY,CY2020Q4I
PLTR,0001321655,RevenueFromContractWithCustomerExcludingAssessedTax,1092673000.0,2020-12-31,2023-02-21,10-K,2022,FY,CY2020
PLTR,0001321655,CostOfRevenue,352547000.0,2020-12-31,2023-02-21,10-K,2022,FY,CY2020
PLTR,0001321655,GrossProfit,740126000.0,2020-12-31,2023-02-21,10-K,2022,FY,CY2020
PLTR,0001321655,OperatingIncomeLoss,-1173679000.0,2020-12-31,2023-02-21,10-K,2022,FY,CY2020
PLTR,0001321655,NetIncomeLoss,-1166391000.0,2020-12-31,2023-02-21,10-K,2022,FY,CY2020
PLTR,0001321655,EarningsPerShareBasic,-1.19,2020-12-31,2023-02-21,10-K,2022,FY,CY2020
PLTR,0001321655,EarningsPerShareDiluted,-1.2,2020-12-31,2023-02-21,10-K,2022,FY,CY2020
PLTR,0001321655,CashAndCashEquivalentsAtCarryingValue,2011323000.0,2020-12-31,2023-02-21,10-K,2022,FY,CY2020Q4I
PLTR,0001321655,StockholdersEquity,1522550000.0,2020-12-31,2023-02-21,10-K,2022,FY,CY2020Q4I
PLTR,0001321655,NetCashProvidedByUsedInOperatingActivities,-296608000.0,2020-12-31,2023-02-21,10-K,2022,FY,CY2020
PLTR,0001321655,NetCashProvidedByUsedInInvestingActivities,-14920000.0,2020-12-31,2023-02-21,10-K,2022,FY,CY2020
PLTR,0001321655,NetCashProvidedByUsedInFinancingActivities,1036453000.0,2020-12-31,2023-02-21,10-K,2022,FY,CY2020
PLTR,0001321655,PaymentsToAcquirePropertyPlantAndEquipment,12236000.0,2020-12-31,2023-02-21,10-K,2022,FY,CY2020
PLTR,0001321655,ResearchAndDevelopmentExpense,560660000.0,2020-12-31,2023-02-21,10-K,2022,FY,CY2020
PLTR,0001321655,WeightedAverageNumberOfSharesOutstandingBasic,977722000.0,2020-12-31,2023-02-21,10-K,2022,FY,CY2020
PLTR,0001321655,WeightedAverageNumberOfDilutedSharesOutstanding,979330000.0,2020-12-31,2023-02-21,10-K,2022,FY,CY2020
PLTR,0001321655,Assets,3014185000.0,2021-03-31,2021-05-12,10-Q,2021,Q1,CY2021Q1I
PLTR,0001321655,AssetsCurrent,2589698000.0,2021-03-31,2021-05-12,10-Q,2021,Q1,CY2021Q1I
PLTR,0001321655,Liabilities,1208242000.0,2021-03-31,2021-05-12,10-Q,2021,Q1,CY2021Q1I
PLTR,0001321655,LiabilitiesCurrent,667626000.0,2021-03-31,2021-05-12,10-Q,2021,Q1,CY2021Q1I
PLTR,0001321655,RevenueFromContractWithCustomerExcludingAssessedTax,341234000.0,2021-03-31,2022-05-09,10-Q,2022,Q1,CY2021Q1
PLTR,0001321655,CostOfRevenue,74111000.0,2021-03-31,2022-05-09,10-Q,2022,Q1,CY2021Q1
PLTR,0001321655,GrossProfit,267123000.0,2021-03-31,2022-05-09,10-Q,2022,Q1,CY2021Q1
PLTR,0001321655,OperatingIncomeLoss,-114014000.0,2021-03-31,2022-05-09,10-Q,2022,Q1,CY2021Q1
PLTR,0001321655,NetIncomeLoss,-123474000.0,2021-03-31,2022-05-09,10-Q,2022,Q1,CY2021Q1
PLTR,0001321655,EarningsPerShareBasic,-0.07,2021-03-31,2022-05-09,10-Q,2022,Q1,CY2021Q1
PLTR,0001321655,EarningsPerShareDiluted,-0.07,2021-03-31,2022-05-09,10-Q,2022,Q1,CY2021Q1
PLTR,0001321655,CashAndCashEquivalentsAtCarryingValue,2339437000.0,2021-03-31,2022-05-09,10-Q,2022,Q1,CY2021Q1I
PLTR,0001321655,NetCashProvidedByUsedInOperatingActivities,116881000.0,2021-03-31,2022-05-09,10-Q,2022,Q1,CY2021Q1
PLTR,0001321655,NetCashProvidedByUsedInInvestingActivities,-708000.0,2021-03-31,2022-05-09,10-Q,2022,Q1,CY2021Q1
PLTR,0001321655,NetCashProvidedByUsedInFinancingActivities,206354000.0,2021-03-31,2022-05-09,10-Q,2022,Q1,CY2021Q1
PLTR,0001321655,PaymentsToAcquirePropertyPlantAndEquipment,708000.0,2021-03-31,2022-05-09,10-Q,2022,Q1,CY2021Q1
PLTR,0001321655,ResearchAndDevelopmentExpense,98471000.0,2021-03-31,2022-05-09,10-Q,2022,Q1,CY2021Q1
PLTR,0001321655,WeightedAverageNumberOfSharesOutstandingBasic,1821158000.0,2021-03-31,2022-05-09,10-Q,2022,Q1,CY2021Q1
PLTR,0001321655,WeightedAverageNumberOfDilutedSharesOutstanding,1821158000.0,2021-03-31,2022-05-09,10-Q,2022,Q1,CY2021Q1
PLTR,0001321655,StockholdersEquity,1805943000.0,2021-03-31,2022-08-08,10-Q,2022,Q2,CY2021Q1I
PLTR,0001321655,Assets,3075668000.0,2021-06-30,2021-08-12,10-Q,2021,Q2,CY2021Q2I
PLTR,0001321655,AssetsCurrent,2662552000.0,2021-06-30,2021-08-12,10-Q,2021,Q2,CY2021Q2I
PLTR,0001321655,Liabilities,1006705000.0,2021-06-30,2021-08-12,10-Q,2021,Q2,CY2021Q2I
PLTR,0001321655,LiabilitiesCurrent,682586000.0,2021-06-30,2021-08-12,10-Q,2021,Q2,CY2021Q2I
PLTR,0001321655,RevenueFromContractWithCustomerExcludingAssessedTax,375642000.0,2021-06-30,2022-08-08,10-Q,2022,Q2,CY2021Q2
PLTR,0001321655,CostOfRevenue,90926000.0,2021-06-30,2022-08-08,10-Q,2022,Q2,CY2021Q2
PLTR,0001321655,GrossProfit,284716000.0,2021-06-30,2022-08-08,10-Q,2022,Q2,CY2021Q2
PLTR,0001321655,OperatingIncomeLoss,-146148000.0,2021-06-30,2022-08-08,10-Q,2022,Q2,CY2021Q2
PLTR,0001321655,NetIncomeLoss,-138580000.0,2021-06-30,2022-08-08,10-Q,2022,Q2,CY2021Q2
PLTR,0001321655,EarningsPerShareBasic,-0.07,2021-06-30,2022-08-08,10-Q,2022,Q2,CY2021Q2
PLTR,0001321655,EarningsPerShareDiluted,-0.07,2021-06-30,2022-08-08,10-Q,2022,Q2,CY2021Q2
PLTR,0001321655,CashAndCashEquivalentsAtCarryingValue,2341156000.0,2021-06-30,2022-08-08,10-Q,2022,Q2,CY2021Q2I
PLTR,0001321655,NetCashProvidedByUsedInOperatingActivities,139631000.0,2021-06-30,2022-08-08,10-Q,2022,Q2,
PLTR,0001321655,NetCashProvidedByUsedInInvestingActivities,-1405000.0,2021-06-30,2022-08-08,10-Q,2022,Q2,
PLTR,0001321655,NetCashProvidedByUsedInFinancingActivities,174944000.0,2021-06-30,2022-08-08,10-Q,2022,Q2,
PLTR,0001321655,PaymentsToAcquirePropertyPlantAndEquipment,1405000.0,2021-06-30,2022-08-08,10-Q,2022,Q2,
PLTR,0001321655,ResearchAndDevelopmentExpense,110524000.0,2021-06-30,2022-08-08,10-Q,2022,Q2,CY2021Q2
PLTR,0001321655,WeightedAverageNumberOfSharesOutstandingBasic,1894606000.0,2021-06-30,2022-08-08,10-Q,2022,Q2,CY2021Q2
PLTR,0001321655,WeightedAverageNumberOfDilutedSharesOutstanding,1894606000.0,2021-06-30,2022-08-08,10-Q,2022,Q2,CY2021Q2
PLTR,0001321655,StockholdersEquity,2068963000.0,2021-06-30,2022-11-07,10-Q,2022,Q3,CY2021Q2I
PLTR,0001321655,Assets,3224327000.0,2021-09-30,2021-11-09,10-Q,2021,Q3,CY2021Q3I
PLTR,0001321655,AssetsCurrent,2811490000.0,2021-09-30,2021-11-09,10-Q,2021,Q3,CY2021Q3I
PLTR,0001321655,Liabilities,976271000.0,2021-09-30,2021-11-09,10-Q,2021,Q3,CY2021Q3I
PLTR,0001321655,LiabilitiesCurrent,681509000.0,2021-09-30,2021-11-09,10-Q,2021,Q3,CY2021Q3I
PLTR,0001321655,RevenueFromContractWithCustomerExcludingAssessedTax,392146000.0,2021-09-30,2022-11-07,10-Q,2022,Q3,CY2021Q3
PLTR,0001321655,CostOfRevenue,86804000.0,2021-09-30,2022-11-07,10-Q,2022,Q3,CY2021Q3
PLTR,0001321655,GrossProfit,305342000.0,2021-09-30,2022-11-07,10-Q,2022,Q3,CY2021Q3
PLTR,0001321655,OperatingIncomeLoss,-91941000.0,2021-09-30,2022-11-07,10-Q,2022,Q3,CY2021Q3
PLTR,0001321655,NetIncomeLoss,-102137000.0,2021-09-30,2022-11-07,10-Q,2022,Q3,CY2021Q3
PLTR,0001321655,EarningsPerShareBasic,-0.05,2021-09-30,2022-11-07,10-Q,2022,Q3,CY2021Q3
PLTR,0001321655,EarningsPerShareDiluted,-0.05,2021-09-30,2022-11-07,10-Q,2022,Q3,CY2021Q3
PLTR,0001321655,CashAndCashEquivalentsAtCarryingValue,2335068000.0,2021-09-30,2022-11-07,10-Q,2022,Q3,CY2021Q3I
PLTR,0001321655,StockholdersEquity,2248056000.0,2021-09-30,2022-11-07,10-Q,2022,Q3,CY2021Q3I
PLTR,0001321655,NetCashProvidedByUsedInOperatingActivities,240424000.0,2021-09-30,2022-11-07,10-Q,2022,Q3,
PLTR,0001321655,NetCashProvidedByUsedInInvestingActivities,-216039000.0,2021-09-30,2022-11-07,10-Q,2022,Q3,
PLTR,0001321655,NetCashProvidedByUsedInFinancingActivities,274282000.0,2021-09-30,2022-11-07,10-Q,2022,Q3,
PLTR,0001321655,PaymentsToAcquirePropertyPlantAndEquipment,6783000.0,2021-09-30,2022-11-07,10-Q,2022,Q3,
PLTR,0001321655,ResearchAndDevelopmentExpense,94316000.0,2021-09-30,2022-11-07,10-Q,2022,Q3,CY2021Q3
PLTR,0001321655,WeightedAverageNumberOfSharesOutstandingBasic,1964395000.0,2021-09-30,2022-11-07,10-Q,2022,Q3,CY2021Q3
PLTR,0001321655,WeightedAverageNumberOfDilutedSharesOutstanding,1964395000.0,2021-09-30,2022-11-07,10-Q,2022,Q3,CY2021Q3
PLTR,0001321655,Assets,3247450000.0,2021-12-31,2023-02-21,10-K,2022,FY,CY2021Q4I
PLTR,0001321655,AssetsCurrent,2863250000.0,2021-12-31,2023-02-21,10-K,2022,FY,CY2021Q4I
PLTR,0001321655,Liabilities,956420000.0,2021-12-31,2023-02-21,10-K,2022,FY,CY2021Q4I
PLTR,0001321655,LiabilitiesCurrent,660061000.0,2021-12-31,2023-02-21,10-K,2022,FY,CY2021Q4I
PLTR,0001321655,StockholdersEquity,2291030000.0,2021-12-31,2023-05-09,10-Q,2023,Q1,CY2021Q4I
PLTR,0001321655,RevenueFromContractWithCustomerExcludingAssessedTax,1541889000.0,2021-12-31,2024-02-20,10-K,2023,FY,CY2021
PLTR,0001321655,CostOfRevenue,339404000.0,2021-12-31,2024-02-20,10-K,2023,FY,CY2021
PLTR,0001321655,GrossProfit,1202485000.0,2021-12-31,2024-02-20,10-K,2023,FY,CY2021
PLTR,0001321655,OperatingIncomeLoss,-411046000.0,2021-12-31,2024-02-20,10-K,2023,FY,CY2021
PLTR,0001321655,NetIncomeLoss,-520379000.0,2021-12-31,2024-02-20,10-K,2023,FY,CY2021
PLTR,0001321655,EarningsPerShareBasic,-0.27,2021-12-31,2024-02-20,10-K,2023,FY,CY2021
PLTR,0001321655,EarningsPerShareDiluted,-0.27,2021-12-31,2024-02-20,10-K,2023,FY,CY2021
PLTR,0001321655,CashAndCashEquivalentsAtCarryingValue,2290674000.0,2021-12-31,2024-02-20,10-K,2023,FY,CY2021Q4I
PLTR,0001321655,NetCashProvidedByUsedInOperatingActivities,333851000.0,2021-12-31,2024-02-20,10-K,2023,FY,CY2021
PLTR,0001321655,NetCashProvidedByUsedInInvestingActivities,-397912000.0,2021-12-31,2024-02-20,10-K,2023,FY,CY2021
PLTR,0001321655,NetCashProvidedByUsedInFinancingActivities,306747000.0,2021-12-31,2024-02-20,10-K,2023,FY,CY2021
PLTR,0001321655,PaymentsToAcquirePropertyPlantAndEquipment,12627000.0,2021-12-31,2024-02-20,10-K,2023,FY,CY2021
PLTR,0001321655,ResearchAndDevelopmentExpense,387487000.0,2021-12-31,2024-02-20,10-K,2023,FY,CY2021
PLTR,0001321655,WeightedAverageNumberOfSharesOutstandingBasic,1923617000.0,2021-12-31,2024-02-20,10-K,2023,FY,CY2021
PLTR,0001321655,WeightedAverageNumberOfDilutedSharesOutstanding,1923617000.0,2021-12-31,2024-02-20,10-K,2023,FY,CY2021
PLTR,0001321655,Assets,3319179000.0,2022-03-31,2022-05-09,10-Q,2022,Q1,CY2022Q1I
PLTR,0001321655,AssetsCurrent,2927374000.0,2022-03-31,2022-05-09,10-Q,2022,Q1,CY2022Q1I
PLTR,0001321655,Liabilities,954433000.0,2022-03-31,2022-05-09,10-Q,2022,Q1,CY2022Q1I
PLTR,0001321655,LiabilitiesCurrent,669104000.0,2022-03-31,2022-05-09,10-Q,2022,Q1,CY2022Q1I
PLTR,0001321655,RevenueFromContractWithCustomerExcludingAssessedTax,446357000.0,2022-03-31,2023-05-09,10-Q,2023,Q1,CY2022Q1
PLTR,0001321655,CostOfRevenue,94403000.0,2022-03-31,2023-05-09,10-Q,2023,Q1,CY2022Q1
PLTR,0001321655,GrossProfit,351954000.0,2022-03-31,2023-05-09,10-Q,2023,Q1,CY2022Q1
PLTR,0001321655,OperatingIncomeLoss,-39439000.0,2022-03-31,2023-05-09,10-Q,2023,Q1,CY2022Q1
PLTR,0001321655,NetIncomeLoss,-101379000.0,2022-03-31,2023-05-09,10-Q,2023,Q1,CY2022Q1
PLTR,0001321655,EarningsPerShareBasic,-0.05,2022-03-31,2023-05-09,10-Q,2023,Q1,CY2022Q1
PLTR,0001321655,EarningsPerShareDiluted,-0.05,2022-03-31,2023-05-09,10-Q,2023,Q1,CY2022Q1
PLTR,0001321655,CashAndCashEquivalentsAtCarryingValue,2269411000.0,2022-03-31,2023-05-09,10-Q,2023,Q1,CY2022Q1I
PLTR,0001321655,StockholdersEquity,2364746000.0,2022-03-31,2023-05-09,10-Q,2023,Q1,CY2022Q1I
PLTR,0001321655,NetCashProvidedByUsedInOperatingActivities,35477000.0,2022-03-31,2023-05-09,10-Q,2023,Q1,CY2022Q1
PLTR,0001321655,NetCashProvidedByUsedInInvestingActivities,-96468000.0,2022-03-31,2023-05-09,10-Q,2023,Q1,CY2022Q1
PLTR,0001321655,NetCashProvidedByUsedInFinancingActivities,27241000.0,2022-03-31,2023-05-09,10-Q,2023,Q1,CY2022Q1
PLTR,0001321655,PaymentsToAcquirePropertyPlantAndEquipment,15215000.0,2022-03-31,2023-05-09,10-Q,2023,Q1,CY2022Q1
PLTR,0001321655,ResearchAndDevelopmentExpense,88601000.0,2022-03-31,2023-05-09,10-Q,2023,Q1,CY2022Q1
PLTR,0001321655,WeightedAverageNumberOfSharesOutstandingBasic,2036307000.0,2022-03-31,2023-05-09,10-Q,2023,Q1,CY2022Q1
PLTR,0001321655,WeightedAverageNumberOfDilutedSharesOutstanding,2036307000.0,2022-03-31,2023-05-09,10-Q,2023,Q1,CY2022Q1
PLTR,0001321655,Assets,3282338000.0,2022-06-30,2022-08-08,10-Q,2022,Q2,CY2022Q2I
PLTR,0001321655,AssetsCurrent,2902439000.0,2022-06-30,2022-08-08,10-Q,2022,Q2,CY2022Q2I
PLTR,0001321655,Liabilities,933514000.0,2022-06-30,2022-08-08,10-Q,2022,Q2,CY2022Q2I
PLTR,0001321655,LiabilitiesCurrent,665742000.0,2022-06-30,2022-08-08,10-Q,2022,Q2,CY2022Q2I
PLTR,0001321655,StockholdersEquity,2348824000.0,2022-06-30,2022-11-07,10-Q,2022,Q3,CY2022Q2I
PLTR,0001321655,RevenueFromContractWithCustomerExcludingAssessedTax,473010000.0,2022-06-30,2023-08-08,10-Q,2023,Q2,CY2022Q2
PLTR,0001321655,CostOfRevenue,102224000.0,2022-06-30,2023-08-08,10-Q,2023,Q2,CY2022Q2
PLTR,0001321655,GrossProfit,370786000.0,2022-06-30,2023-08-08,10-Q,2023,Q2,CY2022Q2
PLTR,0001321655,OperatingIncomeLoss,-41745000.0,2022-06-30,2023-08-08,10-Q,2023,Q2,CY2022Q2
PLTR,0001321655,NetIncomeLoss,-179329000.0,2022-06-30,2023-08-08,10-Q,2023,Q2,CY2022Q2
PLTR,0001321655,EarningsPerShareBasic,-0.09,2022-06-30,2023-08-08,10-Q,2023,Q2,CY2022Q2
PLTR,0001321655,EarningsPerShareDiluted,-0.09,2022-06-30,2023-08-08,10-Q,2023,Q2,CY2022Q2
PLTR,0001321655,CashAndCashEquivalentsAtCarryingValue,2358393000.0,2022-06-30,2023-08-08,10-Q,2023,Q2,CY2022Q2I
PLTR,0001321655,NetCashProvidedByUsedInOperatingActivities,97908000.0,2022-06-30,2023-08-08,10-Q,2023,Q2,
PLTR,0001321655,NetCashProvidedByUsedInInvestingActivities,-91164000.0,2022-06-30,2023-08-08,10-Q,2023,Q2,
PLTR,0001321655,NetCashProvidedByUsedInFinancingActivities,47848000.0,2022-06-30,2023-08-08,10-Q,2023,Q2,
PLTR,0001321655,PaymentsToAcquirePropertyPlantAndEquipment,20673000.0,2022-06-30,2023-08-08,10-Q,2023,Q2,
PLTR,0001321655,ResearchAndDevelopmentExpense,88171000.0,2022-06-30,2023-08-08,10-Q,2023,Q2,CY2022Q2
PLTR,0001321655,WeightedAverageNumberOfSharesOutstandingBasic,2054799000.0,2022-06-30,2023-08-08,10-Q,2023,Q2,CY2022Q2
PLTR,0001321655,WeightedAverageNumberOfDilutedSharesOutstanding,2054799000.0,2022-06-30,2023-08-08,10-Q,2023,Q2,CY2022Q2
PLTR,0001321655,Assets,3318835000.0,2022-09-30,2022-11-07,10-Q,2022,Q3,CY2022Q3I
PLTR,0001321655,AssetsCurrent,2946610000.0,2022-09-30,2022-11-07,10-Q,2022,Q3,CY2022Q3I
PLTR,0001321655,Liabilities,932220000.0,2022-09-30,2022-11-07,10-Q,2022,Q3,CY2022Q3I
PLTR,0001321655,LiabilitiesCurrent,688350000.0,2022-09-30,2022-11-07,10-Q,2022,Q3,CY2022Q3I
PLTR,0001321655,StockholdersEquity,2386615000.0,2022-09-30,2022-11-07,10-Q,2022,Q3,CY2022Q3I
PLTR,0001321655,RevenueFromContractWithCustomerExcludingAssessedTax,477880000.0,2022-09-30,2023-11-03,10-Q,2023,Q3,CY2022Q3
PLTR,0001321655,CostOfRevenue,107611000.0,2022-09-30,2023-11-03,10-Q,2023,Q3,CY2022Q3
PLTR,0001321655,GrossProfit,370269000.0,2022-09-30,2023-11-03,10-Q,2023,Q3,CY2022Q3
PLTR,0001321655,OperatingIncomeLoss,-62191000.0,2022-09-30,2023-11-03,10-Q,2023,Q3,CY2022Q3
PLTR,0001321655,NetIncomeLoss,-123875000.0,2022-09-30,2023-11-03,10-Q,2023,Q3,CY2022Q3
PLTR,0001321655,EarningsPerShareBasic,-0.06,2022-09-30,2023-11-03,10-Q,2023,Q3,CY2022Q3
PLTR,0001321655,EarningsPerShareDiluted,-0.06,2022-09-30,2023-11-03,10-Q,2023,Q3,CY2022Q3
PLTR,0001321655,CashAndCashEquivalentsAtCarryingValue,2411290000.0,2022-09-30,2023-11-03,10-Q,2023,Q3,CY2022Q3I
PLTR,0001321655,NetCashProvidedByUsedInOperatingActivities,144974000.0,2022-09-30,2023-11-03,10-Q,2023,Q3,
PLTR,0001321655,NetCashProvidedByUsedInInvestingActivities,-118508000.0,2022-09-30,2023-11-03,10-Q,2023,Q3,
PLTR,0001321655,NetCashProvidedByUsedInFinancingActivities,71839000.0,2022-09-30,2023-11-03,10-Q,2023,Q3,
PLTR,0001321655,PaymentsToAcquirePropertyPlantAndEquipment,35109000.0,2022-09-30,2023-11-03,10-Q,2023,Q3,
PLTR,0001321655,ResearchAndDevelopmentExpense,100863000.0,2022-09-30,2023-11-03,10-Q,2023,Q3,CY2022Q3
PLTR,0001321655,WeightedAverageNumberOfSharesOutstandingBasic,2073265000.0,2022-09-30,2023-11-03,10-Q,2023,Q3,CY2022Q3
PLTR,0001321655,WeightedAverageNumberOfDilutedSharesOutstanding,2073265000.0,2022-09-30,2023-11-03,10-Q,2023,Q3,CY2022Q3
PLTR,0001321655,Assets,3461239000.0,2022-12-31,2024-02-20,10-K,2023,FY,CY2022Q4I
PLTR,0001321655,AssetsCurrent,3041577000.0,2022-12-31,2024-02-20,10-K,2023,FY,CY2022Q4I
PLTR,0001321655,Liabilities,818802000.0,2022-12-31,2024-02-20,10-K,2023,FY,CY2022Q4I
PLTR,0001321655,LiabilitiesCurrent,587941000.0,2022-12-31,2024-02-20,10-K,2023,FY,CY2022Q4I
PLTR,0001321655,StockholdersEquity,2565326000.0,2022-12-31,2024-02-20,10-K,2023,FY,CY2022Q4I
PLTR,0001321655,RevenueFromContractWithCustomerExcludingAssessedTax,1905871000.0,2022-12-31,2025-02-18,10-K,2024,FY,CY2022
PLTR,0001321655,CostOfRevenue,408549000.0,2022-12-31,2025-02-18,10-K,2024,FY,CY2022
PLTR,0001321655,GrossProfit,1497322000.0,2022-12-31,2025-02-18,10-K,2024,FY,CY2022
PLTR,0001321655,OperatingIncomeLoss,-161201000.0,2022-12-31,2025-02-18,10-K,2024,FY,CY2022
PLTR,0001321655,NetIncomeLoss,-373705000.0,2022-12-31,2025-02-18,10-K,2024,FY,CY2022
PLTR,0001321655,EarningsPerShareBasic,-0.18,2022-12-31,2025-02-18,10-K,2024,FY,CY2022
PLTR,0001321655,EarningsPerShareDiluted,-0.18,2022-12-31,2025-02-18,10-K,2024,FY,CY2022
PLTR,0001321655,CashAndCashEquivalentsAtCarryingValue,2598540000.0,2022-12-31,2025-02-18,10-K,2024,FY,CY2022Q4I
PLTR,0001321655,NetCashProvidedByUsedInOperatingActivities,223737000.0,2022-12-31,2025-02-18,10-K,2024,FY,CY2022
PLTR,0001321655,NetCashProvidedByUsedInInvestingActivities,-45427000.0,2022-12-31,2025-02-18,10-K,2024,FY,CY2022
PLTR,0001321655,NetCashProvidedByUsedInFinancingActivities,85996000.0,2022-12-31,2025-02-18,10-K,2024,FY,CY2022
PLTR,0001321655,PaymentsToAcquirePropertyPlantAndEquipment,40027000.0,2022-12-31,2025-02-18,10-K,2024,FY,CY2022
PLTR,0001321655,ResearchAndDevelopmentExpense,359679000.0,2022-12-31,2025-02-18,10-K,2024,FY,CY2022
PLTR,0001321655,WeightedAverageNumberOfSharesOutstandingBasic,2063793000.0,2022-12-31,2025-02-18,10-K,2024,FY,CY2022
PLTR,0001321655,WeightedAverageNumberOfDilutedSharesOutstanding,2063793000.0,2022-12-31,2025-02-18,10-K,2024,FY,CY2022
PLTR,0001321655,Assets,3683138000.0,2023-03-31,2023-05-09,10-Q,2023,Q1,CY2023Q1I
PLTR,0001321655,AssetsCurrent,3256147000.0,2023-03-31,2023-05-09,10-Q,2023,Q1,CY2023Q1I
PLTR,0001321655,Liabilities,879945000.0,2023-03-31,2023-05-09,10-Q,2023,Q1,CY2023Q1I
PLTR,0001321655,LiabilitiesCurrent,601413000.0,2023-03-31,2023-05-09,10-Q,2023,Q1,CY2023Q1I
PLTR,0001321655,StockholdersEquity,2723733000.0,2023-03-31,2023-05-09,10-Q,2023,Q1,CY2023Q1I
PLTR,0001321655,RevenueFromContractWithCustomerExcludingAssessedTax,525186000.0,2023-03-31,2024-05-07,10-Q,2024,Q1,CY2023Q1
PLTR,0001321655,CostOfRevenue,107645000.0,2023-03-31,2024-05-07,10-Q,2024,Q1,CY2023Q1
PLTR,0001321655,GrossProfit,417541000.0,2023-03-31,2024-05-07,10-Q,2024,Q1,CY2023Q1
PLTR,0001321655,OperatingIncomeLoss,4115000.0,2023-03-31,2024-05-07,10-Q,2024,Q1,CY2023Q1
PLTR,0001321655,NetIncomeLoss,16802000.0,2023-03-31,2024-05-07,10-Q,2024,Q1,CY2023Q1
PLTR,0001321655,EarningsPerShareBasic,0.01,2023-03-31,2024-05-07,10-Q,2024,Q1,CY2023Q1
PLTR,0001321655,EarningsPerShareDiluted,0.01,2023-03-31,2024-05-07,10-Q,2024,Q1,CY2023Q1
PLTR,0001321655,CashAndCashEquivalentsAtCarryingValue,1264738000.0,2023-03-31,2024-05-07,10-Q,2024,Q1,CY2023Q1I
PLTR,0001321655,NetCashProvidedByUsedInOperatingActivities,187376000.0,2023-03-31,2024-05-07,10-Q,2024,Q1,CY2023Q1
PLTR,0001321655,NetCashProvidedByUsedInInvestingActivities,-1554591000.0,2023-03-31,2024-05-07,10-Q,2024,Q1,CY2023Q1
PLTR,0001321655,NetCashProvidedByUsedInFinancingActivities,25983000.0,2023-03-31,2024-05-07,10-Q,2024,Q1,CY2023Q1
PLTR,0001321655,PaymentsToAcquirePropertyPlantAndEquipment,4755000.0,2023-03-31,2024-05-07,10-Q,2024,Q1,CY2023Q1
PLTR,0001321655,ResearchAndDevelopmentExpense,90100000.0,2023-03-31,2024-05-07,10-Q,2024,Q1,CY2023Q1
PLTR,0001321655,WeightedAverageNumberOfSharesOutstandingBasic,2107780000.0,2023-03-31,2024-05-07,10-Q,2024,Q1,CY2023Q1
PLTR,0001321655,WeightedAverageNumberOfDilutedSharesOutstanding,2217439000.0,2023-03-31,2024-05-07,10-Q,2024,Q1,CY2023Q1
PLTR,0001321655,Assets,3980264000.0,2023-06-30,2023-08-08,10-Q,2023,Q2,CY2023Q2I
PLTR,0001321655,AssetsCurrent,3576914000.0,2023-06-30,2023-08-08,10-Q,2023,Q2,CY2023Q2I
PLTR,0001321655,Liabilities,945126000.0,2023-06-30,2023-08-08,10-Q,2023,Q2,CY2023Q2I
PLTR,0001321655,LiabilitiesCurrent,685384000.0,2023-06-30,2023-08-08,10-Q,2023,Q2,CY2023Q2I
PLTR,0001321655,StockholdersEquity,2955474000.0,2023-06-30,2023-08-08,10-Q,2023,Q2,CY2023Q2I
PLTR,0001321655,RevenueFromContractWithCustomerExcludingAssessedTax,533317000.0,2023-06-30,2024-08-06,10-Q,2024,Q2,CY2023Q2
PLTR,0001321655,CostOfRevenue,106899000.0,2023-06-30,2024-08-06,10-Q,2024,Q2,CY2023Q2
PLTR,0001321655,GrossProfit,426418000.0,2023-06-30,2024-08-06,10-Q,2024,Q2,CY2023Q2
PLTR,0001321655,OperatingIncomeLoss,10074000.0,2023-06-30,2024-08-06,10-Q,2024,Q2,CY2023Q2
PLTR,0001321655,NetIncomeLoss,28127000.0,2023-06-30,2024-08-06,10-Q,2024,Q2,CY2023Q2
PLTR,0001321655,EarningsPerShareBasic,0.01,2023-06-30,2024-08-06,10-Q,2024,Q2,CY2023Q2
PLTR,0001321655,EarningsPerShareDiluted,0.01,2023-06-30,2024-08-06,10-Q,2024,Q2,CY2023Q2
PLTR,0001321655,CashAndCashEquivalentsAtCarryingValue,1055923000.0,2023-06-30,2024-08-06,10-Q,2024,Q2,CY2023Q2I
PLTR,0001321655,NetCashProvidedByUsedInOperatingActivities,277568000.0,2023-06-30,2024-08-06,10-Q,2024,Q2,
PLTR,0001321655,NetCashProvidedByUsedInInvestingActivities,-1945690000.0,2023-06-30,2024-08-06,10-Q,2024,Q2,
PLTR,0001321655,NetCashProvidedByUsedInFinancingActivities,116667000.0,2023-06-30,2024-08-06,10-Q,2024,Q2,
PLTR,0001321655,PaymentsToAcquirePropertyPlantAndEquipment,8689000.0,2023-06-30,2024-08-06,10-Q,2024,Q2,
PLTR,0001321655,ResearchAndDevelopmentExpense,99533000.0,2023-06-30,2024-08-06,10-Q,2024,Q2,CY2023Q2
PLTR,0001321655,WeightedAverageNumberOfSharesOutstandingBasic,2131224000.0,2023-06-30,2024-08-06,10-Q,2024,Q2,CY2023Q2
PLTR,0001321655,WeightedAverageNumberOfDilutedSharesOutstanding,2278155000.0,2023-06-30,2024-08-06,10-Q,2024,Q2,CY2023Q2
PLTR,0001321655,Assets,4193417000.0,2023-09-30,2023-11-03,10-Q,2023,Q3,CY2023Q3I
PLTR,0001321655,AssetsCurrent,3809397000.0,2023-09-30,2023-11-03,10-Q,2023,Q3,CY2023Q3I
PLTR,0001321655,Liabilities,921520000.0,2023-09-30,2023-11-03,10-Q,2023,Q3,CY2023Q3I
PLTR,0001321655,LiabilitiesCurrent,688925000.0,2023-09-30,2023-11-03,10-Q,2023,Q3,CY2023Q3I
PLTR,0001321655,StockholdersEquity,3190015000.0,2023-09-30,2023-11-03,10-Q,2023,Q3,CY2023Q3I
PLTR,0001321655,RevenueFromContractWithCustomerExcludingAssessedTax,558159000.0,2023-09-30,2024-11-05,10-Q,2024,Q3,CY2023Q3
PLTR,0001321655,CostOfRevenue,107922000.0,2023-09-30,2024-11-05,10-Q,2024,Q3,CY2023Q3
PLTR,0001321655,GrossProfit,450237000.0,2023-09-30,2024-11-05,10-Q,2024,Q3,CY2023Q3
PLTR,0001321655,OperatingIncomeLoss,39983000.0,2023-09-30,2024-11-05,10-Q,2024,Q3,CY2023Q3
PLTR,0001321655,NetIncomeLoss,71505000.0,2023-09-30,2024-11-05,10-Q,2024,Q3,CY2023Q3
PLTR,0001321655,EarningsPerShareBasic,0.03,2023-09-30,2024-11-05,10-Q,2024,Q3,CY2023Q3
PLTR,0001321655,EarningsPerShareDiluted,0.03,2023-09-30,2024-11-05,10-Q,2024,Q3,CY2023Q3
PLTR,0001321655,CashAndCashEquivalentsAtCarryingValue,1040310000.0,2023-09-30,2024-11-05,10-Q,2024,Q3,CY2023Q3I
PLTR,0001321655,NetCashProvidedByUsedInOperatingActivities,411011000.0,2023-09-30,2024-11-05,10-Q,2024,Q3,
PLTR,0001321655,NetCashProvidedByUsedInInvestingActivities,-2141954000.0,2023-09-30,2024-11-05,10-Q,2024,Q3,
PLTR,0001321655,NetCashProvidedByUsedInFinancingActivities,167607000.0,2023-09-30,2024-11-05,10-Q,2024,Q3,
PLTR,0001321655,PaymentsToAcquirePropertyPlantAndEquipment,10254000.0,2023-09-30,2024-11-05,10-Q,2024,Q3,
PLTR,0001321655,ResearchAndDevelopmentExpense,105708000.0,2023-09-30,2024-11-05,10-Q,2024,Q3,CY2023Q3
PLTR,0001321655,WeightedAverageNumberOfSharesOutstandingBasic,2162530000.0,2023-09-30,2024-11-05,10-Q,2024,Q3,CY2023Q3
PLTR,0001321655,WeightedAverageNumberOfDilutedSharesOutstanding,2325600000.0,2023-09-30,2024-11-05,10-Q,2024,Q3,CY2023Q3
PLTR,0001321655,RevenueFromContractWithCustomerExcludingAssessedTax,2225012000.0,2023-12-31,2025-02-18,10-K,2024,FY,CY2023
PLTR,0001321655,CostOfRevenue,431105000.0,2023-12-31,2025-02-18,10-K,2024,FY,CY2023
PLTR,0001321655,GrossProfit,1793907000.0,2023-12-31,2025-02-18,10-K,2024,FY,CY2023
PLTR,0001321655,OperatingIncomeLoss,119966000.0,2023-12-31,2025-02-18,10-K,2024,FY,CY2023
PLTR,0001321655,NetIncomeLoss,209825000.0,2023-12-31,2025-02-18,10-K,2024,FY,CY2023
PLTR,0001321655,EarningsPerShareBasic,0.1,2023-12-31,2025-02-18,10-K,2024,FY,CY2023
PLTR,0001321655,EarningsPerShareDiluted,0.09,2023-12-31,2025-02-18,10-K,2024,FY,CY2023
PLTR,0001321655,Assets,4522425000.0,2023-12-31,2025-02-18,10-K,2024,FY,CY2023Q4I
PLTR,0001321655,AssetsCurrent,4138618000.0,2023-12-31,2025-02-18,10-K,2024,FY,CY2023Q4I
PLTR,0001321655,CashAndCashEquivalentsAtCarryingValue,831047000.0,2023-12-31,2025-02-18,10-K,2024,FY,CY2023Q4I
PLTR,0001321655,Liabilities,961460000.0,2023-12-31,2025-02-18,10-K,2024,FY,CY2023Q4I
PLTR,0001321655,LiabilitiesCurrent,746018000.0,2023-12-31,2025-02-18,10-K,2024,FY,CY2023Q4I
PLTR,0001321655,StockholdersEquity,3475561000.0,2023-12-31,2025-02-18,10-K,2024,FY,CY2023Q4I
PLTR,0001321655,NetCashProvidedByUsedInOperatingActivities,712183000.0,2023-12-31,2025-02-18,10-K,2024,FY,CY2023
PLTR,0001321655,NetCashProvidedByUsedInInvestingActivities,-2711180000.0,2023-12-31,2025-02-18,10-K,2024,FY,CY2023
PLTR,0001321655,NetCashProvidedByUsedInFinancingActivities,218839000.0,2023-12-31,2025-02-18,10-K,2024,FY,CY2023
PLTR,0001321655,PaymentsToAcquirePropertyPlantAndEquipment,15114000.0,2023-12-31,2025-02-18,10-K,2024,FY,CY2023
PLTR,0001321655,ResearchAndDevelopmentExpense,404624000.0,2023-12-31,2025-02-18,10-K,2024,FY,CY2023
PLTR,0001321655,WeightedAverageNumberOfSharesOutstandingBasic,2147446000.0,2023-12-31,2025-02-18,10-K,2024,FY,CY2023
PLTR,0001321655,WeightedAverageNumberOfDilutedSharesOutstanding,2297927000.0,2023-12-31,2025-02-18,10-K,2024,FY,CY2023
PLTR,0001321655,Assets,4807079000.0,2024-03-31,2024-05-07,10-Q,2024,Q1,CY2024Q1I
PLTR,0001321655,AssetsCurrent,4436064000.0,2024-03-31,2024-05-07,10-Q,2024,Q1,CY2024Q1I
PLTR,0001321655,Liabilities,945907000.0,2024-03-31,2024-05-07,10-Q,2024,Q1,CY2024Q1I
PLTR,0001321655,LiabilitiesCurrent,750553000.0,2024-03-31,2024-05-07,10-Q,2024,Q1,CY2024Q1I
PLTR,0001321655,StockholdersEquity,3775227000.0,2024-03-31,2024-05-07,10-Q,2024,Q1,CY2024Q1I
PLTR,0001321655,RevenueFromContractWithCustomerExcludingAssessedTax,634338000.0,2024-03-31,2025-05-06,10-Q,2025,Q1,CY2024Q1
PLTR,0001321655,CostOfRevenue,116256000.0,2024-03-31,2025-05-06,10-Q,2025,Q1,CY2024Q1
PLTR,0001321655,GrossProfit,518082000.0,2024-03-31,2025-05-06,10-Q,2025,Q1,CY2024Q1
PLTR,0001321655,OperatingIncomeLoss,80881000.0,2024-03-31,2025-05-06,10-Q,2025,Q1,CY2024Q1
PLTR,0001321655,NetIncomeLoss,105530000.0,2024-03-31,2025-05-06,10-Q,2025,Q1,CY2024Q1
PLTR,0001321655,EarningsPerShareBasic,0.05,2024-03-31,2025-05-06,10-Q,2025,Q1,CY2024Q1
PLTR,0001321655,EarningsPerShareDiluted,0.04,2024-03-31,2025-05-06,10-Q,2025,Q1,CY2024Q1
PLTR,0001321655,CashAndCashEquivalentsAtCarryingValue,520388000.0,2024-03-31,2025-05-06,10-Q,2025,Q1,CY2024Q1I
PLTR,0001321655,NetCashProvidedByUsedInOperatingActivities,129579000.0,2024-03-31,2025-05-06,10-Q,2025,Q1,CY2024Q1
PLTR,0001321655,NetCashProvidedByUsedInInvestingActivities,-511245000.0,2024-03-31,2025-05-06,10-Q,2025,Q1,CY2024Q1
PLTR,0001321655,NetCashProvidedByUsedInFinancingActivities,75248000.0,2024-03-31,2025-05-06,10-Q,2025,Q1,CY2024Q1
PLTR,0001321655,PaymentsToAcquirePropertyPlantAndEquipment,2664000.0,2024-03-31,2025-05-06,10-Q,2025,Q1,CY2024Q1
PLTR,0001321655,ResearchAndDevelopmentExpense,110040000.0,2024-03-31,2025-05-06,10-Q,2025,Q1,CY2024Q1
PLTR,0001321655,WeightedAverageNumberOfSharesOutstandingBasic,2213545000.0,2024-03-31,2025-05-06,10-Q,2025,Q1,CY2024Q1
PLTR,0001321655,WeightedAverageNumberOfDilutedSharesOutstanding,2400107000.0,2024-03-31,2025-05-06,10-Q,2025,Q1,CY2024Q1
PLTR,0001321655,RevenueFromContractWithCustomerExcludingAssessedTax,678134000.0,2024-06-30,2024-08-06,10-Q,2024,Q2,CY2024Q2
PLTR,0001321655,CostOfRevenue,128562000.0,2024-06-30,2024-08-06,10-Q,2024,Q2,CY2024Q2
PLTR,0001321655,GrossProfit,549572000.0,2024-06-30,2024-08-06,10-Q,2024,Q2,CY2024Q2
PLTR,0001321655,OperatingIncomeLoss,105339000.0,2024-06-30,2024-08-06,10-Q,2024,Q2,CY2024Q2
PLTR,0001321655,NetIncomeLoss,134126000.0,2024-06-30,2024-08-06,10-Q,2024,Q2,CY2024Q2
PLTR,0001321655,EarningsPerShareBasic,0.06,2024-06-30,2024-08-06,10-Q,2024,Q2,CY2024Q2
PLTR,0001321655,EarningsPerShareDiluted,0.06,2024-06-30,2024-08-06,10-Q,2024,Q2,CY2024Q2
PLTR,0001321655,Assets,5191880000.0,2024-06-30,2024-08-06,10-Q,2024,Q2,CY2024Q2I
PLTR,0001321655,AssetsCurrent,4773510000.0,2024-06-30,2024-08-06,10-Q,2024,Q2,CY2024Q2I
PLTR,0001321655,CashAndCashEquivalentsAtCarryingValue,512659000.0,2024-06-30,2024-08-06,10-Q,2024,Q2,CY2024Q2I
PLTR,0001321655,Liabilities,1054074000.0,2024-06-30,2024-08-06,10-Q,2024,Q2,CY2024Q2I
PLTR,0001321655,LiabilitiesCurrent,806919000.0,2024-06-30,2024-08-06,10-Q,2024,Q2,CY2024Q2I
PLTR,0001321655,StockholdersEquity,4050524000.0,2024-06-30,2024-08-06,10-Q,2024,Q2,CY2024Q2I
PLTR,0001321655,NetCashProvidedByUsedInOperatingActivities,273766000.0,2024-06-30,2024-08-06,10-Q,2024,Q2,
PLTR,0001321655,NetCashProvidedByUsedInInvestingActivities,-660123000.0,2024-06-30,2024-08-06,10-Q,2024,Q2,
PLTR,0001321655,NetCashProvidedByUsedInFinancingActivities,73273000.0,2024-06-30,2024-08-06,10-Q,2024,Q2,
PLTR,0001321655,PaymentsToAcquirePropertyPlantAndEquipment,5543000.0,2024-06-30,2024-08-06,10-Q,2024,Q2,
PLTR,0001321655,ResearchAndDevelopmentExpense,108781000.0,2024-06-30,2024-08-06,10-Q,2024,Q2,CY2024Q2
PLTR,0001321655,WeightedAverageNumberOfSharesOutstandingBasic,2231592000.0,2024-06-30,2024-08-06,10-Q,2024,Q2,CY2024Q2
PLTR,0001321655,WeightedAverageNumberOfDilutedSharesOutstanding,2414696000.0,2024-06-30,2024-08-06,10-Q,2024,Q2,CY2024Q2
PLTR,0001321655,RevenueFromContractWithCustomerExcludingAssessedTax,725516000.0,2024-09-30,2024-11-05,10-Q,2024,Q3,CY2024Q3
PLTR,0001321655,CostOfRevenue,146639000.0,2024-09-30,2024-11-05,10-Q,2024,Q3,CY2024Q3
PLTR,0001321655,GrossProfit,578877000.0,2024-09-30,2024-11-05,10-Q,2024,Q3,CY2024Q3
PLTR,0001321655,OperatingIncomeLoss,113140000.0,2024-09-30,2024-11-05,10-Q,2024,Q3,CY2024Q3
PLTR,0001321655,NetIncomeLoss,143525000.0,2024-09-30,2024-11-05,10-Q,2024,Q3,CY2024Q3
PLTR,0001321655,EarningsPerShareBasic,0.06,2024-09-30,2024-11-05,10-Q,2024,Q3,CY2024Q3
PLTR,0001321655,EarningsPerShareDiluted,0.06,2024-09-30,2024-11-05,10-Q,2024,Q3,CY2024Q3
PLTR,0001321655,Assets,5768097000.0,2024-09-30,2024-11-05,10-Q,2024,Q3,CY2024Q3I
PLTR,0001321655,AssetsCurrent,5351962000.0,2024-09-30,2024-11-05,10-Q,2024,Q3,CY2024Q3I
PLTR,0001321655,CashAndCashEquivalentsAtCarryingValue,768710000.0,2024-09-30,2024-11-05,10-Q,2024,Q3,CY2024Q3I
PLTR,0001321655,Liabilities,1176735000.0,2024-09-30,2024-11-05,10-Q,2024,Q3,CY2024Q3I
PLTR,0001321655,LiabilitiesCurrent,943456000.0,2024-09-30,2024-11-05,10-Q,2024,Q3,CY2024Q3I
PLTR,0001321655,StockholdersEquity,4498143000.0,2024-09-30,2024-11-05,10-Q,2024,Q3,CY2024Q3I
PLTR,0001321655,NetCashProvidedByUsedInOperatingActivities,693538000.0,2024-09-30,2024-11-05,10-Q,2024,Q3,
PLTR,0001321655,NetCashProvidedByUsedInInvestingActivities,-980849000.0,2024-09-30,2024-11-05,10-Q,2024,Q3,
PLTR,0001321655,NetCashProvidedByUsedInFinancingActivities,224700000.0,2024-09-30,2024-11-05,10-Q,2024,Q3,
PLTR,0001321655,PaymentsToAcquirePropertyPlantAndEquipment,9528000.0,2024-09-30,2024-11-05,10-Q,2024,Q3,
PLTR,0001321655,ResearchAndDevelopmentExpense,117555000.0,2024-09-30,2024-11-05,10-Q,2024,Q3,CY2024Q3
PLTR,0001321655,WeightedAverageNumberOfSharesOutstandingBasic,2250032000.0,2024-09-30,2024-11-05,10-Q,2024,Q3,CY2024Q3
PLTR,0001321655,WeightedAverageNumberOfDilutedSharesOutstanding,2459589000.0,2024-09-30,2024-11-05,10-Q,2024,Q3,CY2024Q3
PLTR,0001321655,RevenueFromContractWithCustomerExcludingAssessedTax,2865507000.0,2024-12-31,2025-02-18,10-K,2024,FY,CY2024
PLTR,0001321655,CostOfRevenue,565990000.0,2024-12-31,2025-02-18,10-K,2024,FY,CY2024
PLTR,0001321655,GrossProfit,2299517000.0,2024-12-31,2025-02-18,10-K,2024,FY,CY2024
PLTR,0001321655,OperatingIncomeLoss,310403000.0,2024-12-31,2025-02-18,10-K,2024,FY,CY2024
PLTR,0001321655,NetIncomeLoss,462190000.0,2024-12-31,2025-02-18,10-K,2024,FY,CY2024
PLTR,0001321655,EarningsPerShareBasic,0.21,2024-12-31,2025-02-18,10-K,2024,FY,CY2024
PLTR,0001321655,EarningsPerShareDiluted,0.19,2024-12-31,2025-02-18,10-K,2024,FY,CY2024
PLTR,0001321655,NetCashProvidedByUsedInOperatingActivities,1153865000.0,2024-12-31,2025-02-18,10-K,2024,FY,CY2024
PLTR,0001321655,NetCashProvidedByUsedInInvestingActivities,-340655000.0,2024-12-31,2025-02-18,10-K,2024,FY,CY2024
PLTR,0001321655,NetCashProvidedByUsedInFinancingActivities,463364000.0,2024-12-31,2025-02-18,10-K,2024,FY,CY2024
PLTR,0001321655,PaymentsToAcquirePropertyPlantAndEquipment,12634000.0,2024-12-31,2025-02-18,10-K,2024,FY,CY2024
PLTR,0001321655,ResearchAndDevelopmentExpense,507878000.0,2024-12-31,2025-02-18,10-K,2024,FY,CY2024
PLTR,0001321655,WeightedAverageNumberOfSharesOutstandingBasic,2250163000.0,2024-12-31,2025-02-18,10-K,2024,FY,CY2024
PLTR,0001321655,WeightedAverageNumberOfDilutedSharesOutstanding,2450818000.0,2024-12-31,2025-02-18,10-K,2024,FY,CY2024
PLTR,0001321655,Assets,6340884000.0,2024-12-31,2025-05-06,10-Q,2025,Q1,CY2024Q4I
PLTR,0001321655,AssetsCurrent,5934289000.0,2024-12-31,2025-05-06,10-Q,2025,Q1,CY2024Q4I
PLTR,0001321655,CashAndCashEquivalentsAtCarryingValue,2098524000.0,2024-12-31,2025-05-06,10-Q,2025,Q1,CY2024Q4I
PLTR,0001321655,Liabilities,1246477000.0,2024-12-31,2025-05-06,10-Q,2025,Q1,CY2024Q4I
PLTR,0001321655,LiabilitiesCurrent,996018000.0,2024-12-31,2025-05-06,10-Q,2025,Q1,CY2024Q4I
PLTR,0001321655,StockholdersEquity,5003275000.0,2024-12-31,2025-05-06,10-Q,2025,Q1,CY2024Q4I
PLTR,0001321655,RevenueFromContractWithCustomerExcludingAssessedTax,883855000.0,2025-03-31,2025-05-06,10-Q,2025,Q1,CY2025Q1
PLTR,0001321655,CostOfRevenue,172970000.0,2025-03-31,2025-05-06,10-Q,2025,Q1,CY2025Q1
PLTR,0001321655,GrossProfit,710885000.0,2025-03-31,2025-05-06,10-Q,2025,Q1,CY2025Q1
PLTR,0001321655,OperatingIncomeLoss,176048000.0,2025-03-31,2025-05-06,10-Q,2025,Q1,CY2025Q1
PLTR,0001321655,NetIncomeLoss,214031000.0,2025-03-31,2025-05-06,10-Q,2025,Q1,CY2025Q1
PLTR,0001321655,EarningsPerShareBasic,0.09,2025-03-31,2025-05-06,10-Q,2025,Q1,CY2025Q1
PLTR,0001321655,EarningsPerShareDiluted,0.08,2025-03-31,2025-05-06,10-Q,2025,Q1,CY2025Q1
PLTR,0001321655,Assets,6736917000.0,2025-03-31,2025-05-06,10-Q,2025,Q1,CY2025Q1I
PLTR,0001321655,AssetsCurrent,6282599000.0,2025-03-31,2025-05-06,10-Q,2025,Q1,CY2025Q1I
PLTR,0001321655,CashAndCashEquivalentsAtCarryingValue,993464000.0,2025-03-31,2025-05-06,10-Q,2025,Q1,CY2025Q1I
PLTR,0001321655,Liabilities,1217944000.0,2025-03-31,2025-05-06,10-Q,2025,Q1,CY2025Q1I
PLTR,0001321655,LiabilitiesCurrent,967443000.0,2025-03-31,2025-05-06,10-Q,2025,Q1,CY2025Q1I
PLTR,0001321655,StockholdersEquity,5424155000.0,2025-03-31,2025-05-06,10-Q,2025,Q1,CY2025Q1I
PLTR,0001321655,NetCashProvidedByUsedInOperatingActivities,310263000.0,2025-03-31,2025-05-06,10-Q,2025,Q1,CY2025Q1
PLTR,0001321655,NetCashProvidedByUsedInInvestingActivities,-1390277000.0,2025-03-31,2025-05-06,10-Q,2025,Q1,CY2025Q1
PLTR,0001321655,NetCashProvidedByUsedInFinancingActivities,-28897000.0,2025-03-31,2025-05-06,10-Q,2025,Q1,CY2025Q1
PLTR,0001321655,PaymentsToAcquirePropertyPlantAndEquipment,6184000.0,2025-03-31,2025-05-06,10-Q,2025,Q1,CY2025Q1
PLTR,0001321655,ResearchAndDevelopmentExpense,134889000.0,2025-03-31,2025-05-06,10-Q,2025,Q1,CY2025Q1
PLTR,0001321655,WeightedAverageNumberOfSharesOutstandingBasic,2348679000.0,2025-03-31,2025-05-06,10-Q,2025,Q1,CY2025Q1
PLTR,0001321655,WeightedAverageNumberOfDilutedSharesOutstanding,2552818000.0,2025-03-31,2025-05-06,10-Q,2025,Q1,CY2025Q1
PLTR,,GrossMargin,,2017-12-31,,10-K,2020,FY,
PLTR,,OperatingMargin,,2017-12-31,,10-K,2020,FY,
PLTR,,NetMargin,,2017-12-31,,10-K,2020,FY,
PLTR,,RDIntensity,,2017-12-31,,10-K,2020,FY,
PLTR,,AssetTurnover,,2017-12-31,,10-K,2020,FY,
PLTR,,CurrentRatio,,2017-12-31,,10-K,2020,FY,
PLTR,,ROE,,2017-12-31,,10-K,2020,FY,
PLTR,,GrossMargin,0.7222060801902558,2018-12-31,,10-K,2020,FY,
PLTR,,OperatingMargin,-1.047078562803048,2018-12-31,,10-K,2020,FY,
PLTR,,NetMargin,-0.9741656575564024,2018-12-31,,10-K,2020,FY,
PLTR,,RDIntensity,0.4794200289212961,2018-12-31,,10-K,2020,FY,
PLTR,,AssetTurnover,,2018-12-31,,10-K,2020,FY,
PLTR,,CurrentRatio,,2018-12-31,,10-K,2020,FY,
PLTR,,ROE,,2018-12-31,,10-K,2020,FY,
PLTR,,GrossMargin,,2018-12-31,,10-K,2021,FY,
PLTR,,OperatingMargin,,2018-12-31,,10-K,2021,FY,
PLTR,,NetMargin,,2018-12-31,,10-K,2021,FY,
PLTR,,RDIntensity,,2018-12-31,,10-K,2021,FY,
PLTR,,AssetTurnover,,2018-12-31,,10-K,2021,FY,
PLTR,,CurrentRatio,,2018-12-31,,10-K,2021,FY,
PLTR,,ROE,,2018-12-31,,10-K,2021,FY,
PLTR,,GrossMargin,,2019-06-30,,10-Q,2020,Q3,
PLTR,,OperatingMargin,,2019-06-30,,10-Q,2020,Q3,
PLTR,,NetMargin,,2019-06-30,,10-Q,2020,Q3,
PLTR,,RDIntensity,,2019-06-30,,10-Q,2020,Q3,
PLTR,,AssetTurnover,,2019-06-30,,10-Q,2020,Q3,
PLTR,,CurrentRatio,,2019-06-30,,10-Q,2020,Q3,
PLTR,,ROE,,2019-06-30,,10-Q,2020,Q3,
PLTR,,GrossMargin,,2019-09-30,,10-Q,2020,Q3,
PLTR,,OperatingMargin,,2019-09-30,,10-Q,2020,Q3,
PLTR,,NetMargin,,2019-09-30,,10-Q,2020,Q3,
PLTR,,RDIntensity,,2019-09-30,,10-Q,2020,Q3,
PLTR,,AssetTurnover,,2019-09-30,,10-Q,2020,Q3,
PLTR,,CurrentRatio,,2019-09-30,,10-Q,2020,Q3,
PLTR,,ROE,0.07389873136812516,2019-09-30,,10-Q,2020,Q3,
PLTR,,GrossMargin,,2019-12-31,,10-K,2020,FY,
PLTR,,OperatingMargin,,2019-12-31,,10-K,2020,FY,
PLTR,,NetMargin,,2019-12-31,,10-K,2020,FY,
PLTR,,RDIntensity,,2019-12-31,,10-K,2020,FY,
PLTR,,AssetTurnover,,2019-12-31,,10-K,2020,FY,
PLTR,,CurrentRatio,1.6664237343500805,2019-12-31,,10-K,2020,FY,
PLTR,,ROE,,2019-12-31,,10-K,2020,FY,
PLTR,,GrossMargin,0.6735958952535502,2019-12-31,,10-K,2021,FY,
PLTR,,OperatingMargin,-0.7762980519961484,2019-12-31,,10-K,2021,FY,
PLTR,,NetMargin,-0.78061019049094,2019-12-31,,10-K,2021,FY,
PLTR,,RDIntensity,0.41150217828982366,2019-12-31,,10-K,2021,FY,
PLTR,,AssetTurnover,,2019-12-31,,10-K,2021,FY,
PLTR,,CurrentRatio,,2019-12-31,,10-K,2021,FY,
PLTR,,ROE,,2019-12-31,,10-K,2021,FY,
PLTR,,GrossMargin,,2019-12-31,,10-K,2022,FY,
PLTR,,OperatingMargin,,2019-12-31,,10-K,2022,FY,
PLTR,,NetMargin,,2019-12-31,,10-K,2022,FY,
PLTR,,RDIntensity,,2019-12-31,,10-K,2022,FY,
PLTR,,AssetTurnover,,2019-12-31,,10-K,2022,FY,
PLTR,,CurrentRatio,,2019-12-31,,10-K,2022,FY,
PLTR,,ROE,,2019-12-31,,10-K,2022,FY,
PLTR,,GrossMargin,0.7196405133281297,2020-03-31,,10-Q,2021,Q1,
PLTR,,OperatingMargin,-0.3060476960846302,2020-03-31,,10-Q,2021,Q1,
PLTR,,NetMargin,-0.23666641956681944,2020-03-31,,10-Q,2021,Q1,
PLTR,,RDIntensity,0.2869265284942462,2020-03-31,,10-Q,2021,Q1,
PLTR,,AssetTurnover,,2020-03-31,,10-Q,2021,Q1,
PLTR,,CurrentRatio,,2020-03-31,,10-Q,2021,Q1,
PLTR,,ROE,,2020-03-31,,10-Q,2021,Q1,
PLTR,,GrossMargin,,2020-03-31,,10-Q,2021,Q2,
PLTR,,OperatingMargin,,2020-03-31,,10-Q,2021,Q2,
PLTR,,NetMargin,,2020-03-31,,10-Q,2021,Q2,
PLTR,,RDIntensity,,2020-03-31,,10-Q,2021,Q2,
PLTR,,AssetTurnover,,2020-03-31,,10-Q,2021,Q2,
PLTR,,CurrentRatio,,2020-03-31,,10-Q,2021,Q2,
PLTR,,ROE,,2020-03-31,,10-Q,2021,Q2,
PLTR,,GrossMargin,0.728412118036119,2020-06-30,,10-Q,2021,Q2,
PLTR,,OperatingMargin,-0.3936059137159622,2020-06-30,,10-Q,2021,Q2,
PLTR,,NetMargin,-0.43850664379945137,2020-06-30,,10-Q,2021,Q2,
PLTR,,RDIntensity,0.3446557809193732,2020-06-30,,10-Q,2021,Q2,
PLTR,,AssetTurnover,,2020-06-30,,10-Q,2021,Q2,
PLTR,,CurrentRatio,,2020-06-30,,10-Q,2021,Q2,
PLTR,,ROE,,2020-06-30,,10-Q,2021,Q2,
PLTR,,GrossMargin,,2020-06-30,,10-Q,2021,Q3,
PLTR,,OperatingMargin,,2020-06-30,,10-Q,2021,Q3,
PLTR,,NetMargin,,2020-06-30,,10-Q,2021,Q3,
PLTR,,RDIntensity,,2020-06-30,,10-Q,2021,Q3,
PLTR,,AssetTurnover,,2020-06-30,,10-Q,2021,Q3,
PLTR,,CurrentRatio,,2020-06-30,,10-Q,2021,Q3,
PLTR,,ROE,,2020-06-30,,10-Q,2021,Q3,
PLTR,,GrossMargin,,2020-09-30,,10-Q,2020,Q3,
PLTR,,OperatingMargin,,2020-09-30,,10-Q,2020,Q3,
PLTR,,NetMargin,,2020-09-30,,10-Q,2020,Q3,
PLTR,,RDIntensity,,2020-09-30,,10-Q,2020,Q3,
PLTR,,AssetTurnover,,2020-09-30,,10-Q,2020,Q3,
PLTR,,CurrentRatio,2.541346887613605,2020-09-30,,10-Q,2020,Q3,
PLTR,,ROE,,2020-09-30,,10-Q,2020,Q3,
PLTR,,GrossMargin,0.48390619492269304,2020-09-30,,10-Q,2021,Q3,
PLTR,,OperatingMargin,-2.929774057767671,2020-09-30,,10-Q,2021,Q3,
PLTR,,NetMargin,-2.9489262733009407,2020-09-30,,10-Q,2021,Q3,
PLTR,,RDIntensity,1.084837195800474,2020-09-30,,10-Q,2021,Q3,
PLTR,,AssetTurnover,,2020-09-30,,10-Q,2021,Q3,
PLTR,,CurrentRatio,,2020-09-30,,10-Q,2021,Q3,
PLTR,,ROE,-0.6816991850628679,2020-09-30,,10-Q,2021,Q3,
PLTR,,GrossMargin,,2020-12-31,,10-K,2021,FY,
PLTR,,OperatingMargin,,2020-12-31,,10-K,2021,FY,
PLTR,,NetMargin,,2020-12-31,,10-K,2021,FY,
PLTR,,RDIntensity,,2020-12-31,,10-K,2021,FY,
PLTR,,AssetTurnover,,2020-12-31,,10-K,2021,FY,
PLTR,,CurrentRatio,3.7385608034142455,2020-12-31,,10-K,2021,FY,
PLTR,,ROE,,2020-12-31,,10-K,2021,FY,
PLTR,,GrossMargin,0.6773536089937245,2020-12-31,,10-K,2022,FY,
PLTR,,OperatingMargin,-1.0741356288660926,2020-12-31,,10-K,2022,FY,
PLTR,,NetMargin,-1.0674657468428341,2020-12-31,,10-K,2022,FY,
PLTR,,RDIntensity,0.5131086793578683,2020-12-31,,10-K,2022,FY,
PLTR,,AssetTurnover,,2020-12-31,,10-K,2022,FY,
PLTR,,CurrentRatio,,2020-12-31,,10-K,2022,FY,
PLTR,,ROE,-0.7660773045220189,2020-12-31,,10-K,2022,FY,
PLTR,,GrossMargin,,2021-03-31,,10-Q,2021,Q1,
PLTR,,OperatingMargin,,2021-03-31,,10-Q,2021,Q1,
PLTR,,NetMargin,,2021-03-31,,10-Q,2021,Q1,
PLTR,,RDIntensity,,2021-03-31,,10-Q,2021,Q1,
PLTR,,AssetTurnover,,2021-03-31,,10-Q,2021,Q1,
PLTR,,CurrentRatio,3.878965169121634,2021-03-31,,10-Q,2021,Q1,
PLTR,,ROE,,2021-03-31,,10-Q,2021,Q1,
PLTR,,GrossMargin,0.7828147253790654,2021-03-31,,10-Q,2022,Q1,
PLTR,,OperatingMargin,-0.3341226255296952,2021-03-31,,10-Q,2022,Q1,
PLTR,,NetMargin,-0.36184553708012684,2021-03-31,,10-Q,2022,Q1,
PLTR,,RDIntensity,0.28857323713346267,2021-03-31,,10-Q,2022,Q1,
PLTR,,AssetTurnover,,2021-03-31,,10-Q,2022,Q1,
PLTR,,CurrentRatio,,2021-03-31,,10-Q,2022,Q1,
PLTR,,ROE,,2021-03-31,,10-Q,2022,Q1,
PLTR,,GrossMargin,,2021-03-31,,10-Q,2022,Q2,
PLTR,,OperatingMargin,,2021-03-31,,10-Q,2022,Q2,
PLTR,,NetMargin,,2021-03-31,,10-Q,2022,Q2,
PLTR,,RDIntensity,,2021-03-31,,10-Q,2022,Q2,
PLTR,,AssetTurnover,,2021-03-31,,10-Q,2022,Q2,
PLTR,,CurrentRatio,,2021-03-31,,10-Q,2022,Q2,
PLTR,,ROE,,2021-03-31,,10-Q,2022,Q2,
PLTR,,GrossMargin,,2021-06-30,,10-Q,2021,Q2,
PLTR,,OperatingMargin,,2021-06-30,,10-Q,2021,Q2,
PLTR,,NetMargin,,2021-06-30,,10-Q,2021,Q2,
PLTR,,RDIntensity,,2021-06-30,,10-Q,2021,Q2,
PLTR,,AssetTurnover,,2021-06-30,,10-Q,2021,Q2,
PLTR,,CurrentRatio,3.9006835768679697,2021-06-30,,10-Q,2021,Q2,
PLTR,,ROE,,2021-06-30,,10-Q,2021,Q2,
PLTR,,GrossMargin,0.7579450647158731,2021-06-30,,10-Q,2022,Q2,
PLTR,,OperatingMargin,-0.3890619259827176,2021-06-30,,10-Q,2022,Q2,
PLTR,,NetMargin,-0.3689150840427854,2021-06-30,,10-Q,2022,Q2,
PLTR,,RDIntensity,0.29422695012804745,2021-06-30,,10-Q,2022,Q2,
PLTR,,AssetTurnover,,2021-06-30,,10-Q,2022,Q2,
PLTR,,CurrentRatio,,2021-06-30,,10-Q,2022,Q2,
PLTR,,ROE,,2021-06-30,,10-Q,2022,Q2,
PLTR,,GrossMargin,,2021-06-30,,10-Q,2022,Q3,
PLTR,,OperatingMargin,,2021-06-30,,10-Q,2022,Q3,
PLTR,,NetMargin,,2021-06-30,,10-Q,2022,Q3,
PLTR,,RDIntensity,,2021-06-30,,10-Q,2022,Q3,
PLTR,,AssetTurnover,,2021-06-30,,10-Q,2022,Q3,
PLTR,,CurrentRatio,,2021-06-30,,10-Q,2022,Q3,
PLTR,,ROE,,2021-06-30,,10-Q,2022,Q3,
PLTR,,GrossMargin,,2021-09-30,,10-Q,2021,Q3,
PLTR,,OperatingMargin,,2021-09-30,,10-Q,2021,Q3,
PLTR,,NetMargin,,2021-09-30,,10-Q,2021,Q3,
PLTR,,RDIntensity,,2021-09-30,,10-Q,2021,Q3,
PLTR,,AssetTurnover,,2021-09-30,,10-Q,2021,Q3,
PLTR,,CurrentRatio,4.125389393243523,2021-09-30,,10-Q,2021,Q3,
PLTR,,ROE,,2021-09-30,,10-Q,2021,Q3,
PLTR,,GrossMargin,0.7786436684296155,2021-09-30,,10-Q,2022,Q3,
PLTR,,OperatingMargin,-0.2344560444324308,2021-09-30,,10-Q,2022,Q3,
PLTR,,NetMargin,-0.2604565646468407,2021-09-30,,10-Q,2022,Q3,
PLTR,,RDIntensity,0.2405124621952028,2021-09-30,,10-Q,2022,Q3,
PLTR,,AssetTurnover,,2021-09-30,,10-Q,2022,Q3,
PLTR,,CurrentRatio,,2021-09-30,,10-Q,2022,Q3,
PLTR,,ROE,-0.04543347674613088,2021-09-30,,10-Q,2022,Q3,
PLTR,,GrossMargin,,2021-12-31,,10-K,2022,FY,
PLTR,,OperatingMargin,,2021-12-31,,10-K,2022,FY,
PLTR,,NetMargin,,2021-12-31,,10-K,2022,FY,
PLTR,,RDIntensity,,2021-12-31,,10-K,2022,FY,
PLTR,,AssetTurnover,,2021-12-31,,10-K,2022,FY,
PLTR,,CurrentRatio,4.33785665264271,2021-12-31,,10-K,2022,FY,
PLTR,,ROE,,2021-12-31,,10-K,2022,FY,
PLTR,,GrossMargin,0.7798777992449522,2021-12-31,,10-K,2023,FY,
PLTR,,OperatingMargin,-0.2665859864101761,2021-12-31,,10-K,2023,FY,
PLTR,,NetMargin,-0.337494462960693,2021-12-31,,10-K,2023,FY,
PLTR,,RDIntensity,0.2513066764209356,2021-12-31,,10-K,2023,FY,
PLTR,,AssetTurnover,,2021-12-31,,10-K,2023,FY,
PLTR,,CurrentRatio,,2021-12-31,,10-K,2023,FY,
PLTR,,ROE,,2021-12-31,,10-K,2023,FY,
PLTR,,GrossMargin,,2021-12-31,,10-Q,2023,Q1,
PLTR,,OperatingMargin,,2021-12-31,,10-Q,2023,Q1,
PLTR,,NetMargin,,2021-12-31,,10-Q,2023,Q1,
PLTR,,RDIntensity,,2021-12-31,,10-Q,2023,Q1,
PLTR,,AssetTurnover,,2021-12-31,,10-Q,2023,Q1,
PLTR,,CurrentRatio,,2021-12-31,,10-Q,2023,Q1,
PLTR,,ROE,,2021-12-31,,10-Q,2023,Q1,
PLTR,,GrossMargin,,2022-03-31,,10-Q,2022,Q1,
PLTR,,OperatingMargin,,2022-03-31,,10-Q,2022,Q1,
PLTR,,NetMargin,,2022-03-31,,10-Q,2022,Q1,
PLTR,,RDIntensity,,2022-03-31,,10-Q,2022,Q1,
PLTR,,AssetTurnover,,2022-03-31,,10-Q,2022,Q1,
PLTR,,CurrentRatio,4.375065759582965,2022-03-31,,10-Q,2022,Q1,
PLTR,,ROE,,2022-03-31,,10-Q,2022,Q1,
PLTR,,GrossMargin,0.788503372860737,2022-03-31,,10-Q,2023,Q1,
PLTR,,OperatingMargin,-0.08835752547848472,2022-03-31,,10-Q,2023,Q1,
PLTR,,NetMargin,-0.22712537273975764,2022-03-31,,10-Q,2023,Q1,
PLTR,,RDIntensity,0.19849806320949376,2022-03-31,,10-Q,2023,Q1,
PLTR,,AssetTurnover,,2022-03-31,,10-Q,2023,Q1,
PLTR,,CurrentRatio,,2022-03-31,,10-Q,2023,Q1,
PLTR,,ROE,-0.0428709891041152,2022-03-31,,10-Q,2023,Q1,
PLTR,,GrossMargin,,2022-06-30,,10-Q,2022,Q2,
PLTR,,OperatingMargin,,2022-06-30,,10-Q,2022,Q2,
PLTR,,NetMargin,,2022-06-30,,10-Q,2022,Q2,
PLTR,,RDIntensity,,2022-06-30,,10-Q,2022,Q2,
PLTR,,AssetTurnover,,2022-06-30,,10-Q,2022,Q2,
PLTR,,CurrentRatio,4.35970541140562,2022-06-30,,10-Q,2022,Q2,
PLTR,,ROE,,2022-06-30,,10-Q,2022,Q2,
PLTR,,GrossMargin,,2022-06-30,,10-Q,2022,Q3,
PLTR,,OperatingMargin,,2022-06-30,,10-Q,2022,Q3,
PLTR,,NetMargin,,2022-06-30,,10-Q,2022,Q3,
PLTR,,RDIntensity,,2022-06-30,,10-Q,2022,Q3,
PLTR,,AssetTurnover,,2022-06-30,,10-Q,2022,Q3,
PLTR,,CurrentRatio,,2022-06-30,,10-Q,2022,Q3,
PLTR,,ROE,,2022-06-30,,10-Q,2022,Q3,
PLTR,,GrossMargin,0.7838861757679542,2022-06-30,,10-Q,2023,Q2,
PLTR,,OperatingMargin,-0.08825394811949007,2022-06-30,,10-Q,2023,Q2,
PLTR,,NetMargin,-0.37912306293735865,2022-06-30,,10-Q,2023,Q2,
PLTR,,RDIntensity,0.18640409293672439,2022-06-30,,10-Q,2023,Q2,
PLTR,,AssetTurnover,,2022-06-30,,10-Q,2023,Q2,
PLTR,,CurrentRatio,,2022-06-30,,10-Q,2023,Q2,
PLTR,,ROE,,2022-06-30,,10-Q,2023,Q2,
PLTR,,GrossMargin,,2022-09-30,,10-Q,2022,Q3,
PLTR,,OperatingMargin,,2022-09-30,,10-Q,2022,Q3,
PLTR,,NetMargin,,2022-09-30,,10-Q,2022,Q3,
PLTR,,RDIntensity,,2022-09-30,,10-Q,2022,Q3,
PLTR,,AssetTurnover,,2022-09-30,,10-Q,2022,Q3,
PLTR,,CurrentRatio,4.280685697682864,2022-09-30,,10-Q,2022,Q3,
PLTR,,ROE,,2022-09-30,,10-Q,2022,Q3,
PLTR,,GrossMargin,0.7748158533523061,2022-09-30,,10-Q,2023,Q3,
PLTR,,OperatingMargin,-0.13013936553109567,2022-09-30,,10-Q,2023,Q3,
PLTR,,NetMargin,-0.25921779526240896,2022-09-30,,10-Q,2023,Q3,
PLTR,,RDIntensity,0.21106344689043274,2022-09-30,,10-Q,2023,Q3,
PLTR,,AssetTurnover,,2022-09-30,,10-Q,2023,Q3,
PLTR,,CurrentRatio,,2022-09-30,,10-Q,2023,Q3,
PLTR,,ROE,,2022-09-30,,10-Q,2023,Q3,
PLTR,,GrossMargin,,2022-12-31,,10-K,2023,FY,
PLTR,,OperatingMargin,,2022-12-31,,10-K,2023,FY,
PLTR,,NetMargin,,2022-12-31,,10-K,2023,FY,
PLTR,,RDIntensity,,2022-12-31,,10-K,2023,FY,
PLTR,,AssetTurnover,,2022-12-31,,10-K,2023,FY,
PLTR,,CurrentRatio,5.173269086523988,2022-12-31,,10-K,2023,FY,
PLTR,,ROE,,2022-12-31,,10-K,2023,FY,
PLTR,,GrossMargin,0.7856365934525474,2022-12-31,,10-K,2024,FY,
PLTR,,OperatingMargin,-0.08458127543784442,2022-12-31,,10-K,2024,FY,
PLTR,,NetMargin,-0.19608095196369535,2022-12-31,,10-K,2024,FY,
PLTR,,RDIntensity,0.1887215871378493,2022-12-31,,10-K,2024,FY,
PLTR,,AssetTurnover,,2022-12-31,,10-K,2024,FY,
PLTR,,CurrentRatio,,2022-12-31,,10-K,2024,FY,
PLTR,,ROE,,2022-12-31,,10-K,2024,FY,
PLTR,,GrossMargin,,2023-03-31,,10-Q,2023,Q1,
PLTR,,OperatingMargin,,2023-03-31,,10-Q,2023,Q1,
PLTR,,NetMargin,,2023-03-31,,10-Q,2023,Q1,
PLTR,,RDIntensity,,2023-03-31,,10-Q,2023,Q1,
PLTR,,AssetTurnover,,2023-03-31,,10-Q,2023,Q1,
PLTR,,CurrentRatio,5.414161316765684,2023-03-31,,10-Q,2023,Q1,
PLTR,,ROE,,2023-03-31,,10-Q,2023,Q1,
PLTR,,GrossMargin,0.7950345211029997,2023-03-31,,10-Q,2024,Q1,
PLTR,,OperatingMargin,0.007835319296401655,2023-03-31,,10-Q,2024,Q1,
PLTR,,NetMargin,0.03199247504693575,2023-03-31,,10-Q,2024,Q1,
PLTR,,RDIntensity,0.17155826697589044,2023-03-31,,10-Q,2024,Q1,
PLTR,,AssetTurnover,,2023-03-31,,10-Q,2024,Q1,
PLTR,,CurrentRatio,,2023-03-31,,10-Q,2024,Q1,
PLTR,,ROE,,2023-03-31,,10-Q,2024,Q1,
PLTR,,GrossMargin,,2023-06-30,,10-Q,2023,Q2,
PLTR,,OperatingMargin,,2023-06-30,,10-Q,2023,Q2,
PLTR,,NetMargin,,2023-06-30,,10-Q,2023,Q2,
PLTR,,RDIntensity,,2023-06-30,,10-Q,2023,Q2,
PLTR,,AssetTurnover,,2023-06-30,,10-Q,2023,Q2,
PLTR,,CurrentRatio,5.218846661141783,2023-06-30,,10-Q,2023,Q2,
PLTR,,ROE,,2023-06-30,,10-Q,2023,Q2,
PLTR,,GrossMargin,0.7995582364709919,2023-06-30,,10-Q,2024,Q2,
PLTR,,OperatingMargin,0.018889328485684875,2023-06-30,,10-Q,2024,Q2,
PLTR,,NetMargin,0.05273974015454223,2023-06-30,,10-Q,2024,Q2,
PLTR,,RDIntensity,0.186630090546523,2023-06-30,,10-Q,2024,Q2,
PLTR,,AssetTurnover,,2023-06-30,,10-Q,2024,Q2,
PLTR,,CurrentRatio,,2023-06-30,,10-Q,2024,Q2,
PLTR,,ROE,,2023-06-30,,10-Q,2024,Q2,
PLTR,,GrossMargin,,2023-09-30,,10-Q,2023,Q3,
PLTR,,OperatingMargin,,2023-09-30,,10-Q,2023,Q3,
PLTR,,NetMargin,,2023-09-30,,10-Q,2023,Q3,
PLTR,,RDIntensity,,2023-09-30,,10-Q,2023,Q3,
PLTR,,AssetTurnover,,2023-09-30,,10-Q,2023,Q3,
PLTR,,CurrentRatio,5.529479986936169,2023-09-30,,10-Q,2023,Q3,
PLTR,,ROE,,2023-09-30,,10-Q,2023,Q3,
PLTR,,GrossMargin,0.8066464932035495,2023-09-30,,10-Q,2024,Q3,
PLTR,,OperatingMargin,0.07163371010769333,2023-09-30,,10-Q,2024,Q3,
PLTR,,NetMargin,0.1281086572105798,2023-09-30,,10-Q,2024,Q3,
PLTR,,RDIntensity,0.18938689513203227,2023-09-30,,10-Q,2024,Q3,
PLTR,,AssetTurnover,,2023-09-30,,10-Q,2024,Q3,
PLTR,,CurrentRatio,,2023-09-30,,10-Q,2024,Q3,
PLTR,,ROE,,2023-09-30,,10-Q,2024,Q3,
PLTR,,GrossMargin,0.8062459887856784,2023-12-31,,10-K,2024,FY,
PLTR,,OperatingMargin,0.05391701258240405,2023-12-31,,10-K,2024,FY,
PLTR,,NetMargin,0.09430286218681068,2023-12-31,,10-K,2024,FY,
PLTR,,RDIntensity,0.18185250236852654,2023-12-31,,10-K,2024,FY,
PLTR,,AssetTurnover,0.49199533436154275,2023-12-31,,10-K,2024,FY,
PLTR,,CurrentRatio,5.547611451734409,2023-12-31,,10-K,2024,FY,
PLTR,,ROE,0.060371548650707034,2023-12-31,,10-K,2024,FY,
PLTR,,GrossMargin,,2024-03-31,,10-Q,2024,Q1,
PLTR,,OperatingMargin,,2024-03-31,,10-Q,2024,Q1,
PLTR,,NetMargin,,2024-03-31,,10-Q,2024,Q1,
PLTR,,RDIntensity,,2024-03-31,,10-Q,2024,Q1,
PLTR,,AssetTurnover,,2024-03-31,,10-Q,2024,Q1,
PLTR,,CurrentRatio,5.910394069439467,2024-03-31,,10-Q,2024,Q1,
PLTR,,ROE,,2024-03-31,,10-Q,2024,Q1,
PLTR,,GrossMargin,0.8167286210190782,2024-03-31,,10-Q,2025,Q1,
PLTR,,OperatingMargin,0.12750457957744923,2024-03-31,,10-Q,2025,Q1,
PLTR,,NetMargin,0.1663624124678011,2024-03-31,,10-Q,2025,Q1,
PLTR,,RDIntensity,0.17347218675217313,2024-03-31,,10-Q,2025,Q1,
PLTR,,AssetTurnover,,2024-03-31,,10-Q,2025,Q1,
PLTR,,CurrentRatio,,2024-03-31,,10-Q,2025,Q1,
PLTR,,ROE,,2024-03-31,,10-Q,2025,Q1,
PLTR,,GrossMargin,0.8104179999823043,2024-06-30,,10-Q,2024,Q2,
PLTR,,OperatingMargin,0.15533655590193088,2024-06-30,,10-Q,2024,Q2,
PLTR,,NetMargin,0.19778686808211945,2024-06-30,,10-Q,2024,Q2,
PLTR,,RDIntensity,0.16041224890655828,2024-06-30,,10-Q,2024,Q2,
PLTR,,AssetTurnover,0.13061434393707097,2024-06-30,,10-Q,2024,Q2,
PLTR,,CurrentRatio,5.91572388306633,2024-06-30,,10-Q,2024,Q2,
PLTR,,ROE,0.03311324658241749,2024-06-30,,10-Q,2024,Q2,
PLTR,,GrossMargin,0.797883161777273,2024-09-30,,10-Q,2024,Q3,
PLTR,,OperatingMargin,0.1559441831744579,2024-09-30,,10-Q,2024,Q3,
PLTR,,NetMargin,0.19782472061263984,2024-09-30,,10-Q,2024,Q3,
PLTR,,RDIntensity,0.16202950727482232,2024-09-30,,10-Q,2024,Q3,
PLTR,,AssetTurnover,0.12578082511441815,2024-09-30,,10-Q,2024,Q3,
PLTR,,CurrentRatio,5.672720296442018,2024-09-30,,10-Q,2024,Q3,
PLTR,,ROE,0.031907611652186245,2024-09-30,,10-Q,2024,Q3,
PLTR,,GrossMargin,0.8024817248745161,2024-12-31,,10-K,2024,FY,
PLTR,,OperatingMargin,0.10832393709036481,2024-12-31,,10-K,2024,FY,
PLTR,,NetMargin,0.16129431894600152,2024-12-31,,10-K,2024,FY,
PLTR,,RDIntensity,0.1772384433191055,2024-12-31,,10-K,2024,FY,
PLTR,,AssetTurnover,,2024-12-31,,10-K,2024,FY,
PLTR,,CurrentRatio,,2024-12-31,,10-K,2024,FY,
PLTR,,ROE,,2024-12-31,,10-K,2024,FY,
PLTR,,GrossMargin,,2024-12-31,,10-Q,2025,Q1,
PLTR,,OperatingMargin,,2024-12-31,,10-Q,2025,Q1,
PLTR,,NetMargin,,2024-12-31,,10-Q,2025,Q1,
PLTR,,RDIntensity,,2024-12-31,,10-Q,2025,Q1,
PLTR,,AssetTurnover,,2024-12-31,,10-Q,2025,Q1,
PLTR,,CurrentRatio,5.958013810995384,2024-12-31,,10-Q,2025,Q1,
PLTR,,ROE,,2024-12-31,,10-Q,2025,Q1,
PLTR,,GrossMargin,0.804300479150992,2025-03-31,,10-Q,2025,Q1,
PLTR,,OperatingMargin,0.19918199252139773,2025-03-31,,10-Q,2025,Q1,
PLTR,,NetMargin,0.24215623603419112,2025-03-31,,10-Q,2025,Q1,
PLTR,,RDIntensity,0.15261439942071947,2025-03-31,,10-Q,2025,Q1,
PLTR,,AssetTurnover,0.13119576803454755,2025-03-31,,10-Q,2025,Q1,
PLTR,,CurrentRatio,6.4940249709802025,2025-03-31,,10-Q,2025,Q1,
PLTR,,ROE,0.03945886502137199,2025-03-31,,10-Q,2025,Q1,
